experiment_id,question_id,category,question,answer_key,expected_sections,evidence_quotes,runtime_evidence,selected_claim_ids,draft_points,kept_claim_ids,dropped_claim_ids,unsupported_sentences,sentence_checks,actual_answer,top_retrieved,retrieved_previews,citations,query_type,intent,format_preference,routing_source,routing_confidence,routing_scores,raw_faithfulness,faithfulness,faithfulness_override_reason,answer_relevancy,context_recall,retrieval_hit_at_k,ndcg_at_3,ndcg_at_5,context_precision_at_3,context_precision_at_5,section_match_rate,citation_coverage,entity_coverage,completeness,completeness_reason,refusal_accuracy,numeric_equivalence,numeric_grounding,numeric_retrieval_support,numeric_final_judgement,numeric_confidence,absolute_error_rate,calculation_correctness,missing_info_compliance,missing_info_policy,error
contextual_all_2500_320,numeric_fact_001,numeric_fact,삼성전자 2024 사업보고서에서 연결 기준 매출액은 얼마인가요?,"2024년 삼성전자의 연결 기준 매출은 300조 8,709억원이며 전년 대비 16.2% 증가했다.",매출현황 | 재무제표 | 요약재무,"II. 사업의 내용 > 4. 매출 및 수주상황: 2024년 매출은 300조 8,709억원으로 전년 동기 대비 16.2% 증가하였습니다.","ev_001 | direct | high | [삼성전자 | 2024 | III. 재무에 관한 사항 > 3. 연결재무제표 주석] | section=III. 재무에 관한 사항 > 3. 연결재무제표 주석 | claim=300,870,903 (백만원) | quote=300,870,903",ev_001,"삼성전자 2024 사업보고서에서 연결 기준 매출액은 300,870,903 백만원입니다.",ev_001,,,,"삼성전자 2024 사업보고서에서 연결 기준 매출액은 300,870,903 백만원입니다.",삼성전자/2024/III. 재무에 관한 사항 > 3. 연결재무제표 주석 | 삼성전자/2024/III. 재무에 관한 사항 > 3. 연결재무제표 주석 | 삼성전자/2024/III. 재무에 관한 사항 > 2. 연결재무제표,"III. 재무에 관한 사항 > 3. 연결재무제표 주석 [table / seed] 삼성전자의 주요 관계기업 및 공동기업 투자 변동 현황을 나타냅니다. 삼성전자 2024 사업보고서 섹션: III. 재무에 관한 사항 > 3. 연결재무제표 주석 분류: 연결재무제표 / 표 가. 당기 및 전기 중 관계기업 및 공동기업 투자의 변동 내역은 다음과 같습니다. 삼성바이오로직스㈜ | 1,424,358 | 3,403,947 | 3,406,062 | 1,424,358 | 3,068,63...

III. 재무에 관한 사항 > 3. 연결재무제표 주석 [table / seed] 삼성전자 관계기업 및 공동기업 투자 변동 내역과 요인을 설명합니다. 삼성전자 2024 사업보고서 섹션: III. 재무에 관한 사항 > 3. 연결재무제표 주석 분류: 연결재무제표 / 표 가. 당기 및 전기 중 관계기업 및 공동기업 투자의 변동 내역은 다음과 같습니다. 지분법손익 지분법자본변동 기타증감액(*) 삼성전기㈜ 1,764,249 106,455 7,844 (37,155) 1,841,...

III. 재무에 관한 사항 > 2. 연결재무제표 [table / seed] 삼성전자 3개년 연결재무상태표의 자본 구성 상세 내역을 보여줍니다. 삼성전자 2024 사업보고서 섹션: III. 재무에 관한 사항 > 2. 연결재무제표 분류: 연결재무제표 / 표 제 56 기 | 제 55 기 | 제 54 기 제 56 기 | 제 55 기 | 제 54 기 제 56 기 | 제 55 기 | 제 54 기 자본 지배기업 소유주지분 | 비지배지분 | 자본 합계 자본금 | 주식발행초과...

III. 재무에 관한 사항 > 1. 요약재무정보 [table / seed] 삼성전자의 최근 3년간 유동 및 비유동 자산 현황과 변화를 요약한 정보입니다. 삼성전자 2024 사업보고서 섹션: III. 재무에 관한 사항 > 1. 요약재무정보 분류: 요약재무 / 표 구 분 | 제56기 | 제55기 | 제54기 2024년 12월말 | 2023년 12월말 | 2022년 12월말 [유동자산] | 82,320,322 | 68,548,442 | 59,062,658 ㆍ현금및현...

II. 사업의 내용 > 4. 매출 및 수주상황 [paragraph / seed] 주요 매출처, 상위 5대 매출 비중(14%), 장기 수주 현황을 제시합니다. 삼성전자 2024 사업보고서 섹션: II. 사업의 내용 > 4. 매출 및 수주상황 분류: 매출현황 / 단락 2024년 당사의 주요 매출처로는 Apple, Deutsche Telekom, Hong Kong Techtronics, Supreme Electronics, Verizon 등(알파벳순) 입니다. 당사의 주...

III. 재무에 관한 사항 > 1. 요약재무정보 [paragraph / seed] 삼성전자 연결 기준 요약 재무정보를 소개하는 부분입니다. 삼성전자 2024 사업보고서 섹션: III. 재무에 관한 사항 > 1. 요약재무정보 분류: 요약재무 / 단락 가. 요약연결재무정보 (단위 : 백만원)

XII. 상세표 > 1. 연결대상 종속회사 현황(상세) [table / seed] 삼성전자 연결 종속기업의 현황, 변동 및 상세 목록을 제시합니다. 삼성전자 2024 사업보고서 섹션: XII. 상세표 > 1. 연결대상 종속회사 현황(상세) 분류: 기타공시 / 표 당사의 연결대상 종속기업은 2024년말 현재 228개사입니다. 전년말 대비 6개 기업이 증가하고 10개 기업이 감소하였습니다. ☞ 본문 위치로 이동 (단위 : 백만원) 상호 | 설립일 | 주소 | 주요사업 |...

III. 재무에 관한 사항 > 8. 기타 재무에 관한 사항 [table / seed] 삼성전자가 계열회사에 제공한 운영자금 지급보증 현황을 보여줍니다. 삼성전자 2024 사업보고서 섹션: III. 재무에 관한 사항 > 8. 기타 재무에 관한 사항 분류: 기타재무 / 표 법인명(채무자) | 관계 | 채권자 | 내용 | 목적 | 보증시작일 | 보증종료일 | 채무보증한도 | 채무금액 | 이자율 기초 | 기말 | 기초 | 증감 | 기말 AdGear Technologies Inc...",[삼성전자] 2024년 사업보고서 / III. 재무에 관한 사항 > 3. 연결재무제표 주석 / table (score: 0.967) | [삼성전자] 2024년 사업보고서 / III. 재무에 관한 사항 > 3. 연결재무제표 주석 / table (score: 0.962) | [삼성전자] 2024년 사업보고서 / III. 재무에 관한 사항 > 2. 연결재무제표 / table (score: 0.887) | [삼성전자] 2024년 사업보고서 / III. 재무에 관한 사항 > 1. 요약재무정보 / table (score: 0.884) | [삼성전자] 2024년 사업보고서 / II. 사업의 내용 > 4. 매출 및 수주상황 / paragraph (score: 0.870) | [삼성전자] 2024년 사업보고서 / III. 재무에 관한 사항 > 1. 요약재무정보 / paragraph (score: 0.848) | [삼성전자] 2024년 사업보고서 / XII. 상세표 > 1. 연결대상 종속회사 현황(상세) / table (score: 0.829) | [삼성전자] 2024년 사업보고서 / III. 재무에 관한 사항 > 8. 기타 재무에 관한 사항 / table (score: 0.821),numeric_fact,numeric_fact,table,semantic_fast_path,0.9093973450268782,"{""numeric_fact"": 0.9094, ""risk"": 0.7769, ""comparison"": 0.6928, ""business_overview"": 0.6346, ""qa"": 0.5183, ""trend"": 0.4995}",0.0,1.0,numeric evaluator PASS (equivalence/grounding/retrieval_support 모두 1.0)로 faithfulness를 1.0으로 보정,0.8541932599747938,0.0,1.0,1.0,1.0,1.0,1.0,0.75,1.0,,0.7,"질문에서 요구한 매출액 수치는 정확하게 제시되었으나, 정답 기준 요약에 포함된 전년 대비 증감률 정보가 누락되어 설명이 다소 불충분합니다.",1.0,1.0,1.0,1.0,PASS,1.0,9.971054030150473e-09,,,,
contextual_all_2500_320,business_overview_001,business_overview,삼성전자 2024 사업보고서에서 회사가 영위하는 주요 사업은 무엇인가요?,"삼성전자는 DX 부문에서 TV·모니터·가전·스마트폰·네트워크시스템·PC를, DS 부문에서 DRAM·NAND Flash·모바일 AP를, SDC에서 스마트폰용 OLED 패널을, Harman에서 디지털 콕핏·카오디오·소비자 오디오 제품을 생산·판매한다.",사업개요,"II. 사업의 내용 > 1. 사업의 개요: 사업별로 보면, Set 사업은 DX(Device eXperience) 부문이 TV를 비롯하여 모니터, 냉장고, 세탁기, 에어컨, 스마트폰, 네트워크시스템, PC 등을 생산ㆍ판매하며, 부품 사업은 DS(Device Solutions) 부문에서 DRAM, NAND Flash, 모바일AP 등의 제품을 생산ㆍ판매하고, SDC가 스마트폰용 OLED 패널 등을 생산ㆍ판매하고 있습니다. 또한, Harman에서는 디지털 콕핏(Digital Cockpit), 카오디오 등 전장제품과 포터블/사운드바 스피커 등 소비자오디오 제품 등을 생산ㆍ판매하고 있습니다.","ev_001 | direct | high | [삼성전자 | 2024 | I. 회사의 개요 > 1. 회사의 개요] | section=I. 회사의 개요 > 1. 회사의 개요 | claim=삼성전자의 DX(Device eXperience) 부문은 TV, 모니터, 냉장고, 세탁기, 에어컨, 스마트폰, 네트워크시스템, PC 등의 제품을 생산 및 판매하는 사업을 영위합니다. | quote=DX 부문 | TV, 모니터, 냉장고, 세탁기, 에어컨,스마트폰, 네트워크시스템, PC 등

ev_002 | direct | high | [삼성전자 | 2024 | I. 회사의 개요 > 1. 회사의 개요] | section=I. 회사의 개요 > 1. 회사의 개요 | claim=DS(Device Solutions) 부문은 DRAM, NAND Flash, 모바일AP 등 반도체 제품을 주요 사업으로 합니다. | quote=DS 부문 | DRAM, NAND Flash, 모바일AP 등

ev_003 | direct | high | [삼성전자 | 2024 | I. 회사의 개요 > 1. 회사의 개요] | section=I. 회사의 개요 > 1. 회사의 개요 | claim=SDC(삼성디스플레이㈜ 및 그 종속기업)는 스마트폰용 OLED 패널 등 디스플레이 패널 사업을 영위합니다. | quote=SDC | 스마트폰용 OLED 패널 등

ev_004 | direct | high | [삼성전자 | 2024 | I. 회사의 개요 > 1. 회사의 개요] | section=I. 회사의 개요 > 1. 회사의 개요 | claim=Harman(Harman International Industries, Inc. 및 그 종속기업)은 디지털 콕핏, 카오디오, 포터블 스피커 등 전장부품 사업을 주요하게 운영합니다. | quote=Harman | 디지털 콕핏(Digital Cockpit), 카오디오, 포터블 스피커 등",ev_001 | ev_002 | ev_003 | ev_004,"삼성전자의 DX 부문은 TV, 모니터, 냉장고, 세탁기, 에어컨, 스마트폰, 네트워크시스템, PC 등의 제품을 생산 및 판매합니다.

DS 부문은 DRAM, NAND Flash, 모바일AP 등 반도체 제품을 주요 사업으로 합니다.

SDC는 스마트폰용 OLED 패널 등 디스플레이 패널 사업을 영위합니다.

Harman은 디지털 콕핏, 카오디오, 포터블 스피커 등 전장부품 사업을 운영합니다.",ev_001 | ev_002 | ev_003 | ev_004,,,"keep | 삼성전자의 DX 부문은 TV, 스마트폰, PC 등의 제품을 생산 및 판매합니다. | reason=제공된 근거(ev_001)에 직접적으로 뒷받침됩니다. | claims=ev_001

keep | DS 부문은 DRAM, NAND Flash, 모바일AP 등 반도체 제품을 주요 사업으로 합니다. | reason=제공된 근거(ev_002)에 직접적으로 뒷받침됩니다. | claims=ev_002

keep | SDC는 스마트폰용 OLED 패널 등 디스플레이 패널 사업을, Harman은 디지털 콕핏, 카오디오 등 전장부품 사업을 영위합니다. | reason=제공된 근거(ev_003, ev_004)에 직접적으로 뒷받침됩니다. | claims=ev_003, ev_004","삼성전자의 DX 부문은 TV, 스마트폰, PC 등의 제품을 생산 및 판매합니다. DS 부문은 DRAM, NAND Flash, 모바일AP 등 반도체 제품을 주요 사업으로 합니다. SDC는 스마트폰용 OLED 패널 등 디스플레이 패널 사업을, Harman은 디지털 콕핏, 카오디오 등 전장부품 사업을 영위합니다.",삼성전자/2024/III. 재무에 관한 사항 > 3. 연결재무제표 주석 | 삼성전자/2024/XII. 상세표 > 1. 연결대상 종속회사 현황(상세) | 삼성전자/2024/III. 재무에 관한 사항 > 5. 재무제표 주석,"III. 재무에 관한 사항 > 3. 연결재무제표 주석 [table / seed] 삼성전자 연결회사의 설립 및 주요 사업 부문 개요를 설명합니다. 삼성전자 2024 사업보고서 섹션: III. 재무에 관한 사항 > 3. 연결재무제표 주석 분류: 연결재무제표 / 표 가. 연결회사의 개요 삼성전자주식회사(이하 ""회사"")는 1969년 대한민국에서 설립되어 1975년에 대한민국의 증권거래소에 상장하였습니다. 회사 및 종속기업(이하 삼성전자주식회사와 그 종속기업을 일괄하여 ""연...

XII. 상세표 > 1. 연결대상 종속회사 현황(상세) [table / seed] 삼성전자 연결 종속기업의 현황, 변동 및 상세 목록을 제시합니다. 삼성전자 2024 사업보고서 섹션: XII. 상세표 > 1. 연결대상 종속회사 현황(상세) 분류: 기타공시 / 표 당사의 연결대상 종속기업은 2024년말 현재 228개사입니다. 전년말 대비 6개 기업이 증가하고 10개 기업이 감소하였습니다. ☞ 본문 위치로 이동 (단위 : 백만원) 상호 | 설립일 | 주소 | 주요사업 |...

III. 재무에 관한 사항 > 5. 재무제표 주석 [table / seed] 삼성전자의 사업 개요 및 재무제표 작성 기준을 설명합니다. 삼성전자 2024 사업보고서 섹션: III. 재무에 관한 사항 > 5. 재무제표 주석 분류: 재무주석 / 표 삼성전자주식회사(이하 ""회사"")는 1969년 대한민국에서 설립되어 1975년에 대한민국의증권거래소에 상장하였습니다. 회사의 사업은 DX 부문, DS 부문으로 구성되어있습니다. DX(Device eXperience) 부문은...

I. 회사의 개요 > 1. 회사의 개요 [paragraph / seed] 삼성전자의 법적 명칭, 설립일, 주소, 주요 사업 등 기본적인 회사 개요를 설명합니다. 삼성전자 2024 사업보고서 섹션: I. 회사의 개요 > 1. 회사의 개요 분류: 회사개요 / 단락 가. 회사의 법적ㆍ상업적 명칭 당사의 명칭은 삼성전자주식회사이고 영문명은 Samsung Electronics Co., Ltd. 입니다. 나. 설립일자 당사는 1969년 1월 13일에 삼성전자공업주식회사...

VI. 이사회 등 회사의 기관에 관한 사항 > 1. 이사회에 관한 사항 [table / seed] 삼성전자 사내이사들의 임기, 선임 배경, 담당 업무 및 회사와의 관계를 설명합니다. 삼성전자 2024 사업보고서 섹션: VI. 이사회 등 회사의 기관에 관한 사항 > 1. 이사회에 관한 사항 분류: 이사회 / 표 직 명 | 성 명 | 임 기(연임여부/횟수) | 선 임 배 경 | 추천인 | 활동분야(담당업무) | 회사와의거래 | 최대주주 또는주요주주와의 관계 사내이사(대표이사) | 한종희...

III. 재무에 관한 사항 > 3. 연결재무제표 주석 [table / seed] 연결재무제표의 주요 회계 추정 및 법인세 불확실성 처리 방법을 기술합니다. 삼성전자 2024 사업보고서 섹션: III. 재무에 관한 사항 > 3. 연결재무제표 주석 분류: 연결재무제표 / 표 연결회사는 미래에 대하여 추정 및 가정을 하고 있습니다. 추정 및 가정은 지속적으로 평가되며, 과거 경험과 현재의 상황에서 합리적으로 예측가능한 미래의 사건을 고려하여이루어집니다. 이러한 회계추정은...

IV. 이사의 경영진단 및 분석의견 [paragraph / seed] 2024년 신규 적용된 회계기준 변경에도 재무제표에 중요한 영향이 없음을 설명합니다. 삼성전자 2024 사업보고서 섹션: IV. 이사의 경영진단 및 분석의견 분류: 경영진단 / 단락 가. 중요한 회계정책 및 추정에 관한 사항 당사는 2024년 1월 1일로 개시하는 회계기간부터 다음의 주요 제ㆍ개정 기준서를 신규로 적용하였습니다. - 기업회계기준서 제1001호 '재무제표 표시' 개정동 개...

IV. 이사의 경영진단 및 분석의견 [paragraph / seed] 사업보고서 내 미래 예측 정보의 불확실성과 잠재적 위험 요소를 설명하는 주의사항입니다. 삼성전자 2024 사업보고서 섹션: IV. 이사의 경영진단 및 분석의견 분류: 경영진단 / 단락 1. 예측정보에 대한 주의사항 본 자료는 미래에 대한 '예측정보'를 포함하고 있습니다.이는 과거가 아닌 미래의 사건과 관계된 것으로 회사의 향후 예상되는 경영현황 및 재무실적을 의미하고, 표현상으로는 '예...",[삼성전자] 2024년 사업보고서 / III. 재무에 관한 사항 > 3. 연결재무제표 주석 / table (score: 0.831) | [삼성전자] 2024년 사업보고서 / XII. 상세표 > 1. 연결대상 종속회사 현황(상세) / table (score: 0.828) | [삼성전자] 2024년 사업보고서 / III. 재무에 관한 사항 > 5. 재무제표 주석 / table (score: 0.826) | [삼성전자] 2024년 사업보고서 / I. 회사의 개요 > 1. 회사의 개요 / paragraph (score: 0.825) | [삼성전자] 2024년 사업보고서 / VI. 이사회 등 회사의 기관에 관한 사항 > 1. 이사회에 관한 사항 / table (score: 0.822) | [삼성전자] 2024년 사업보고서 / III. 재무에 관한 사항 > 3. 연결재무제표 주석 / table (score: 0.819) | [삼성전자] 2024년 사업보고서 / IV. 이사의 경영진단 및 분석의견 / paragraph (score: 0.818) | [삼성전자] 2024년 사업보고서 / IV. 이사의 경영진단 및 분석의견 / paragraph (score: 0.816),business_overview,business_overview,mixed,llm_fallback,0.98,"{""risk"": 0.9094, ""business_overview"": 0.8172, ""comparison"": 0.6536, ""numeric_fact"": 0.623, ""qa"": 0.6167, ""trend"": 0.4515}",0.5,0.5,,0.5412208354873127,1.0,0.0,0.0,0.0,0.0,0.0,0.0,0.6666666666666666,,0.5,"DX 부문에서 가전, 모니터, 네트워크시스템 등 중요한 사업 영역이 누락되었고, Harman 부문에서도 소비자 오디오 제품이 누락되어 질문 의도에 충분히 답하지 못했습니다.",1.0,,,,,,,,,,
contextual_all_2500_320,business_overview_003,business_overview,삼성전자는 몇 개의 종속기업으로 구성된 글로벌 전자 기업이라고 설명하나요?,"삼성전자는 본사를 거점으로 DX·DS 지역총괄과 SDC, Harman 산하 종속기업 등을 포함한 228개의 종속기업으로 구성된 글로벌 전자 기업이라고 설명한다.",사업개요,"II. 사업의 내용 > 1. 사업의 개요: 당사는 본사를 거점으로 한국과 DX 부문 산하 해외 9개 지역총괄 및 DS 부문 산하 해외 5개 지역총괄의 생산ㆍ판매법인, SDC 및 Harman 산하 종속기업 등 228개의 종속기업으로 구성된 글로벌 전자 기업입니다.","ev_001 | direct | high | [삼성전자 | 2024 | II. 사업의 내용 > 1. 사업의 개요] | section=II. 사업의 내용 > 1. 사업의 개요 | claim=삼성전자는 228개의 종속기업으로 구성된 글로벌 전자 기업입니다. | quote=당사는 본사를 거점으로 한국과 DX 부문 산하 해외 9개 지역총괄 및 DS 부문 산하 해외 5개 지역총괄의 생산ㆍ판매법인, SDC 및 Harman 산하 종속기업 등 228개의 종속기업으로 구성된 글로벌 전자 기업입니다.",ev_001,삼성전자는 228개의 종속기업으로 구성된 글로벌 전자 기업입니다.,ev_001,,,keep | 삼성전자는 228개의 종속기업으로 구성된 글로벌 전자 기업입니다. | reason=제공된 근거와 직접적으로 일치합니다. | claims=ev_001,삼성전자는 228개의 종속기업으로 구성된 글로벌 전자 기업입니다.,삼성전자/2024/II. 사업의 내용 > 1. 사업의 개요 | 삼성전자/2024/XII. 상세표 > 1. 연결대상 종속회사 현황(상세) | 삼성전자/2024/III. 재무에 관한 사항 > 3. 연결재무제표 주석,"II. 사업의 내용 > 1. 사업의 개요 [paragraph / seed] 삼성전자의 글로벌 조직 및 주요 사업 부문별 제품 현황을 설명합니다. 삼성전자 2024 사업보고서 섹션: II. 사업의 내용 > 1. 사업의 개요 분류: 사업개요 / 단락 당사는 본사를 거점으로 한국과 DX 부문 산하 해외 9개 지역총괄 및 DS 부문 산하 해외 5개 지역총괄의 생산ㆍ판매법인, SDC 및 Harman 산하 종속기업 등 228개의 종속기업으로 구성된 글로벌 전자 기업입니다...

XII. 상세표 > 1. 연결대상 종속회사 현황(상세) [table / seed] 삼성전자 연결 종속기업의 현황, 변동 및 상세 목록을 제시합니다. 삼성전자 2024 사업보고서 섹션: XII. 상세표 > 1. 연결대상 종속회사 현황(상세) 분류: 기타공시 / 표 당사의 연결대상 종속기업은 2024년말 현재 228개사입니다. 전년말 대비 6개 기업이 증가하고 10개 기업이 감소하였습니다. ☞ 본문 위치로 이동 (단위 : 백만원) 상호 | 설립일 | 주소 | 주요사업 |...

III. 재무에 관한 사항 > 3. 연결재무제표 주석 [table / seed] 삼성전자 연결회사의 설립 및 주요 사업 부문 개요를 설명합니다. 삼성전자 2024 사업보고서 섹션: III. 재무에 관한 사항 > 3. 연결재무제표 주석 분류: 연결재무제표 / 표 가. 연결회사의 개요 삼성전자주식회사(이하 ""회사"")는 1969년 대한민국에서 설립되어 1975년에 대한민국의 증권거래소에 상장하였습니다. 회사 및 종속기업(이하 삼성전자주식회사와 그 종속기업을 일괄하여 ""연...

IX. 계열회사 등에 관한 사항 [table / seed] 삼성그룹 국내 계열사 현황과 상호 출자 관계를 요약합니다. 삼성전자 2024 사업보고서 섹션: IX. 계열회사 등에 관한 사항 분류: 계열회사 / 표 1. 계열회사의 현황 가. 기업집단에 소속된 회사(요약) 당사는「독점규제 및 공정거래에 관한 법률」상 삼성그룹에 속한 계열회사로서, 2024년말 현재 삼성그룹에는 전년말과 동일한 63개의 국내 계열회사가 있습니다. 이 중 상장사는 당사를...

III. 재무에 관한 사항 > 5. 재무제표 주석 [table / seed] 삼성전자의 사업 개요 및 재무제표 작성 기준을 설명합니다. 삼성전자 2024 사업보고서 섹션: III. 재무에 관한 사항 > 5. 재무제표 주석 분류: 재무주석 / 표 삼성전자주식회사(이하 ""회사"")는 1969년 대한민국에서 설립되어 1975년에 대한민국의증권거래소에 상장하였습니다. 회사의 사업은 DX 부문, DS 부문으로 구성되어있습니다. DX(Device eXperience) 부문은...

I. 회사의 개요 > 1. 회사의 개요 [paragraph / seed] 삼성전자의 법적 명칭, 설립일, 주소, 주요 사업 등 기본적인 회사 개요를 설명합니다. 삼성전자 2024 사업보고서 섹션: I. 회사의 개요 > 1. 회사의 개요 분류: 회사개요 / 단락 가. 회사의 법적ㆍ상업적 명칭 당사의 명칭은 삼성전자주식회사이고 영문명은 Samsung Electronics Co., Ltd. 입니다. 나. 설립일자 당사는 1969년 1월 13일에 삼성전자공업주식회사...

IX. 계열회사 등에 관한 사항 [table / seed] 계열회사 간 상호 출자 지분율 현황을 설명합니다. 삼성전자 2024 사업보고서 섹션: IX. 계열회사 등에 관한 사항 분류: 계열회사 / 표 피출자회사 ＼ 출자회사 | 수원삼성축구단(주) | 스테코(주) | 신라에이치엠(주) | 에스디플렉스(주) | 에스비티엠(주) | 에스원씨알엠(주) | 에스유머티리얼스(주) | 에스코어(주) | 에스티엠(주) | 에이치디씨신라면세점(주) | 오픈핸즈...

V. 회계감사인의 감사의견 등 > 1. 외부감사에 관한 사항 [paragraph / seed] 삼성전자 일부 종속기업의 신규 회계감사인 선임 현황을 설명합니다. 삼성전자 2024 사업보고서 섹션: V. 회계감사인의 감사의견 등 > 1. 외부감사에 관한 사항 분류: 기타 / 단락 또한, 제54기말(전전기) 현재 당사의 종속기업은 232개이며, 종속기업 Samsung R Institute Ukraine (SRUKR)이 PwC를, SVIC 52호 신기술투자조합과 SVIC 55호 신기술...",[삼성전자] 2024년 사업보고서 / II. 사업의 내용 > 1. 사업의 개요 / paragraph (score: 0.723) | [삼성전자] 2024년 사업보고서 / XII. 상세표 > 1. 연결대상 종속회사 현황(상세) / table (score: 0.581) | [삼성전자] 2024년 사업보고서 / III. 재무에 관한 사항 > 3. 연결재무제표 주석 / table (score: 0.581) | [삼성전자] 2024년 사업보고서 / IX. 계열회사 등에 관한 사항 / table (score: 0.581) | [삼성전자] 2024년 사업보고서 / III. 재무에 관한 사항 > 5. 재무제표 주석 / table (score: 0.580) | [삼성전자] 2024년 사업보고서 / I. 회사의 개요 > 1. 회사의 개요 / paragraph (score: 0.579) | [삼성전자] 2024년 사업보고서 / IX. 계열회사 등에 관한 사항 / table (score: 0.578) | [삼성전자] 2024년 사업보고서 / V. 회계감사인의 감사의견 등 > 1. 외부감사에 관한 사항 / paragraph (score: 0.578),business_overview,business_overview,mixed,semantic_fast_path,0.9999999999999469,"{""business_overview"": 1.0, ""numeric_fact"": 0.611, ""risk"": 0.5981, ""comparison"": 0.5843, ""qa"": 0.5779, ""trend"": 0.36}",1.0,1.0,,0.6348837337070378,1.0,1.0,1.0,1.0,0.3333333333333333,0.2,0.125,0.6666666666666666,,0.7,"핵심 정보인 종속기업의 수는 정확히 제시되었으나, 정답 기준에 포함된 종속기업의 구체적인 구성(DX·DS 지역총괄, SDC, Harman 등)에 대한 맥락 설명이 누락되어 설명이 다소 짧습니다.",1.0,,,,,,0.0,,,,
contextual_all_2500_320,risk_analysis_001,risk_analysis,삼성전자 2024 사업보고서에서 주요 재무 리스크는 무엇인가요?,"사업보고서는 시장위험, 신용위험, 유동성위험을 핵심 재무위험으로 제시하고, 시장위험 중에서는 환율변동위험을 상세히 설명한다.",위험관리 및 파생거래,"II. 사업의 내용 > 5. 위험관리 및 파생거래: 당사는 영업활동에서 파생되는 시장위험, 신용위험, 유동성위험 등을 최소화하는데 중점을 두고 재무위험을 관리하고 있으며, 이를 위해 각각의 위험요인에 대해 면밀하게 모니터링 및 대응하고 있습니다.

II. 사업의 내용 > 5. 위험관리 및 파생거래: 당사는 글로벌 영업활동을 수행함에 따라 기능통화와 다른 통화로도 거래를 하고 있어 환율변동위험에 노출되어 있습니다.

II. 사업의 내용 > 5. 위험관리 및 파생거래: 신용위험은 통상적인 거래 및 투자 활동에서 발생하며 고객 또는 거래상대방이 계약조건상 의무사항을 지키지 못하였을 때 발생합니다.

II. 사업의 내용 > 5. 위험관리 및 파생거래: 유동성위험이란 당사가 금융부채와 관련된 모든 의무를 이행하는 데 어려움을 겪게 될 위험을 의미합니다.","ev_001 | direct | high | [삼성전자 | 2024 | II. 사업의 내용 > 5. 위험관리 및 파생거래] | section=II. 사업의 내용 > 5. 위험관리 및 파생거래 | claim=삼성전자의 주요 재무위험 중 하나는 시장위험으로, 이는 환율변동위험, 이자율변동위험, 주가변동위험을 포함합니다. | quote=나. 주요 재무위험관리 (1) 시장위험 (환율변동위험) (이자율변동위험) (주가변동위험)

ev_002 | direct | high | [삼성전자 | 2024 | II. 사업의 내용 > 5. 위험관리 및 파생거래] | section=II. 사업의 내용 > 5. 위험관리 및 파생거래 | claim=삼성전자는 글로벌 영업활동으로 인해 USD, EUR 등 기능통화와 다른 통화로 거래하여 환율변동위험에 노출되어 있습니다. | quote=당사는 글로벌 영업활동을 수행함에 따라 기능통화와 다른 통화로도 거래를 하고 있어 환율변동위험에 노출되어 있습니다. 환율변동위험에 노출되는 주요 통화로는 USD, EUR 등이 있습니다.

ev_003 | direct | high | [삼성전자 | 2024 | II. 사업의 내용 > 5. 위험관리 및 파생거래] | section=II. 사업의 내용 > 5. 위험관리 및 파생거래 | claim=삼성전자의 이자율변동위험은 시장금리 변동으로 인한 이자수익 및 비용의 현금흐름 변동 위험이며, 주로 예금 및 변동금리부 차입금에서 발생합니다. | quote=이자율변동위험은 시장금리 변동으로 인해 투자 및 재무 활동으로부터 발생하는 이자수익, 비용의 현금흐름이 변동될 위험으로서, 주로 예금 및 변동금리부 차입금에서비롯됩니다.

ev_004 | direct | high | [삼성전자 | 2024 | II. 사업의 내용 > 5. 위험관리 및 파생거래] | section=II. 사업의 내용 > 5. 위험관리 및 파생거래 | claim=삼성전자는 전략적 목적 등으로 지분상품에 투자하고 있어 주가변동위험에 노출되어 있습니다. | quote=당사는 전략적 목적 등으로 기타포괄손익-공정가치금융자산 및 당기손익-공정가치금융자산으로 분류된 지분상품에 투자하고 있습니다.

ev_005 | direct | high | [삼성전자 | 2024 | II. 사업의 내용 > 5. 위험관리 및 파생거래] | section=II. 사업의 내용 > 5. 위험관리 및 파생거래 | claim=삼성전자의 신용위험은 고객 또는 거래상대방이 계약조건상 의무를 지키지 못할 때 발생하며, 금융기관과의 거래에서도 발생할 수 있습니다. | quote=신용위험은 통상적인 거래 및 투자 활동에서 발생하며 고객 또는 거래상대방이 계약조건상 의무사항을 지키지 못하였을 때 발생합니다. 이러한 신용위험을 관리하기 위하여 고객과 거래상대방의 재무상태와 과거 경험 및 기타 요소를 고려하여 주기적으로 재무신용도를 평가하고 있으며, 고객과 거래상대방 각각에 대한 신용한도를 설정ㆍ관리하고 있습니다.

ev_006 | direct | high | [삼성전자 | 2024 | II. 사업의 내용 > 5. 위험관리 및 파생거래] | section=II. 사업의 내용 > 5. 위험관리 및 파생거래 | claim=삼성전자의 유동성위험은 금융부채와 관련된 모든 의무를 이행하는 데 어려움을 겪게 될 위험을 의미하며, 대규모 투자가 많은 사업 특성상 적정 유동성 유지가 중요합니다. | quote=유동성위험이란 당사가 금융부채와 관련된 모든 의무를 이행하는 데 어려움을 겪게 될 위험을 의미합니다. 당사의 주요 유동성 공급원은 영업에서 창출한 현금 및 자본시장 및 금융기관에서 조달한 자금이며, 주요 유동성 수요는 생산, 연구개발을 위한 투자를 비롯해, 운전자본, 배당 등에 있습니다. 대규모 투자가 많은 당사의 사업 특성상 적정 유동성의 유지가 매우 중요합니다.

ev_007 | direct | high | [삼성전자 | 2024 | II. 사업의 내용 > 5. 위험관리 및 파생거래] | section=II. 사업의 내용 > 5. 위험관리 및 파생거래 | claim=삼성전자의 자본위험은 건전한 자본구조를 유지하고 주주 및 이해관계자에게 이익을 지속적으로 제공할 수 있는 능력을 보호하는 것과 관련이 있으며, 신용등급 및 부채비율 등의 지표로 관리됩니다. | quote=당사의 자본관리 목적은 계속기업으로서 주주 및 이해관계자에게 이익을 지속적으로제공할 수 있는 능력을 보호하고 건전한 자본구조를 유지하는 것입니다. 당사는 신용등급, 부채비율 등의 지표를 이용하여 자본위험을 관리하고 있습니다.",ev_001 | ev_002 | ev_003 | ev_004 | ev_005 | ev_006,"시장위험

환율변동위험

이자율변동위험

주가변동위험

신용위험

유동성위험",ev_001 | ev_002 | ev_003 | ev_004 | ev_005 | ev_006,,,"keep | 삼성전자 2024년 사업보고서에 따른 주요 재무 리스크는 다음과 같습니다. | reason=질문에 대한 답변의 서론으로, 제시된 모든 재무 리스크가 2024년 사업보고서에 명시되어 있음을 나타냅니다. | claims=ev_001, ev_002, ev_003, ev_004, ev_005, ev_006

keep | 시장위험 | reason=제시된 근거(ev_001)에서 삼성전자의 주요 재무위험 중 하나로 '시장위험'을 명시하고 있습니다. | claims=ev_001

keep | 환율변동위험 | reason=제시된 근거(ev_001, ev_002)에서 시장위험의 한 종류이자 글로벌 영업활동으로 인한 주요 재무위험으로 '환율변동위험'을 명시하고 있습니다. | claims=ev_001, ev_002

keep | 이자율변동위험 | reason=제시된 근거(ev_001, ev_003)에서 시장위험의 한 종류이자 시장금리 변동으로 인한 주요 재무위험으로 '이자율변동위험'을 명시하고 있습니다. | claims=ev_001, ev_003

keep | 주가변동위험 | reason=제시된 근거(ev_001, ev_004)에서 시장위험의 한 종류이자 지분상품 투자로 인한 주요 재무위험으로 '주가변동위험'을 명시하고 있습니다. | claims=ev_001, ev_004

keep | 신용위험 | reason=제시된 근거(ev_005)에서 고객 또는 거래상대방의 계약조건상 의무 불이행으로 발생하는 주요 재무위험으로 '신용위험'을 명시하고 있습니다. | claims=ev_005

keep | 유동성위험 | reason=제시된 근거(ev_006)에서 금융부채 관련 의무 이행 어려움으로 발생하는 주요 재무위험으로 '유동성위험'을 명시하고 있습니다. | claims=ev_006",삼성전자 2024년 사업보고서에 따른 주요 재무 리스크는 다음과 같습니다. 시장위험 환율변동위험 이자율변동위험 주가변동위험 신용위험 유동성위험,삼성전자/2024/II. 사업의 내용 > 5. 위험관리 및 파생거래 | 삼성전자/2024/IV. 이사의 경영진단 및 분석의견 | 삼성전자/2024/III. 재무에 관한 사항 > 5. 재무제표 주석,"II. 사업의 내용 > 5. 위험관리 및 파생거래 [paragraph / seed] 삼성전자가 레인보우로보틱스 콜옵션을 행사, 2,674억 원 지분 인수를 의결한 파생거래 내용. 삼성전자 2024 사업보고서 섹션: II. 사업의 내용 > 5. 위험관리 및 파생거래 분류: 리스크 / 단락 그리고 당사는 레인보우로보틱스㈜ 및 그 최대주주 등과 체결한 주주간 계약에 따라,일정 기간 동안 최대주주 등에게 최대주주 등이 보유하는 주식의 전부 또는 일부를 당사 또는 당사가 지정한...

IV. 이사의 경영진단 및 분석의견 [paragraph / seed] 2024년 신규 적용된 회계기준 변경에도 재무제표에 중요한 영향이 없음을 설명합니다. 삼성전자 2024 사업보고서 섹션: IV. 이사의 경영진단 및 분석의견 분류: 경영진단 / 단락 가. 중요한 회계정책 및 추정에 관한 사항 당사는 2024년 1월 1일로 개시하는 회계기간부터 다음의 주요 제ㆍ개정 기준서를 신규로 적용하였습니다. - 기업회계기준서 제1001호 '재무제표 표시' 개정동 개...

III. 재무에 관한 사항 > 5. 재무제표 주석 [table / seed] 삼성전자의 재무제표 주석에 포함된 주요 특수관계자 현황 정보입니다. 삼성전자 2024 사업보고서 섹션: III. 재무에 관한 사항 > 5. 재무제표 주석 분류: 재무주석 / 표 전체 특수관계자 특수관계자 종속기업 | 관계기업 및 공동기업 | 그 밖의 특수관계자 | 대규모기업집단 전체 특수관계자 특수관계자 종속기업 | 관계기업 및 공동기업 | 그 밖의 특수관계자 | 대규모기업집단 삼성디스...

VI. 이사회 등 회사의 기관에 관한 사항 > 2. 감사제도에 관한 사항 [table / seed] 외부감사인 독립성 유지 및 감사위원 전문성 강화 활동 보고 (40자) 삼성전자 2024 사업보고서 섹션: VI. 이사회 등 회사의 기관에 관한 사항 > 2. 감사제도에 관한 사항 분류: 감사의견 / 표 ※ 당사 외부감사인이 감사위원회 승인 대상 비감사용역을 수행하지 않았음을 검토하여 보고한 안건으로, 감사위원회는 감사위원 간 논의를 거쳐 승인 대상 비감사용역을 수행하지 않았음을 최종 확...

III. 재무에 관한 사항 > 1. 요약재무정보 [paragraph / seed] 삼성전자 연결 기준 요약 재무정보를 소개하는 부분입니다. 삼성전자 2024 사업보고서 섹션: III. 재무에 관한 사항 > 1. 요약재무정보 분류: 요약재무 / 단락 가. 요약연결재무정보 (단위 : 백만원)

XI. 그 밖에 투자자 보호를 위하여 필요한 사항 > 2. 우발부채 등에 관한 사항 [paragraph / seed] 삼성전자의 소송, 분할 채무 등 우발부채 현황 및 경영진의 비중요성 판단을 담고 있습니다. 삼성전자 2024 사업보고서 섹션: XI. 그 밖에 투자자 보호를 위하여 필요한 사항 > 2. 우발부채 등에 관한 사항 분류: 기타공시 / 단락 가. 중요한 소송사건등 당사는 다수의 회사 등과 정상적인 영업과정에서 발생한 소송, 분쟁 및 규제기관의 조사 등을 진행 중에 있습니다. 이에 따른 자원의...

III. 재무에 관한 사항 > 5. 재무제표 주석 [table / seed] 보고기간 말 삼성전자 종속기업 현황 및 지분율 정보입니다. 삼성전자 2024 사업보고서 섹션: III. 재무에 관한 사항 > 5. 재무제표 주석 분류: 재무주석 / 표 가. 보고기간종료일 현재 종속기업의 현황은 다음과 같습니다. (*) 종속기업 보유 지분율을 포함한 의결권 있는 주식 기준입니다.

III. 재무에 관한 사항 > 4. 재무제표 [table / seed] 삼성전자의 최근 3개 사업연도 자본 현황을 비교 제시합니다. 삼성전자 2024 사업보고서 섹션: III. 재무에 관한 사항 > 4. 재무제표 분류: 재무제표 / 표 제 56 기 | 제 55 기 | 제 54 기 제 56 기 | 제 55 기 | 제 54 기 제 56 기 | 제 55 기 | 제 54 기 자본 자본금 | 주식발행초과금 | 이익잉여금 | 기타자본항목 | 자본 합계 제 56 기 |...",[삼성전자] 2024년 사업보고서 / II. 사업의 내용 > 5. 위험관리 및 파생거래 / paragraph (score: 1.196) | [삼성전자] 2024년 사업보고서 / IV. 이사의 경영진단 및 분석의견 / paragraph (score: 0.827) | [삼성전자] 2024년 사업보고서 / III. 재무에 관한 사항 > 5. 재무제표 주석 / table (score: 0.737) | [삼성전자] 2024년 사업보고서 / VI. 이사회 등 회사의 기관에 관한 사항 > 2. 감사제도에 관한 사항 / table (score: 0.736) | [삼성전자] 2024년 사업보고서 / III. 재무에 관한 사항 > 1. 요약재무정보 / paragraph (score: 0.631) | [삼성전자] 2024년 사업보고서 / XI. 그 밖에 투자자 보호를 위하여 필요한 사항 > 2. 우발부채 등에 관한 사항 / paragraph (score: 0.623) | [삼성전자] 2024년 사업보고서 / III. 재무에 관한 사항 > 5. 재무제표 주석 / table (score: 0.551) | [삼성전자] 2024년 사업보고서 / III. 재무에 관한 사항 > 4. 재무제표 / table (score: 0.549),risk,risk,paragraph,semantic_fast_path,0.9999999999999011,"{""risk"": 1.0, ""business_overview"": 0.7604, ""numeric_fact"": 0.6405, ""comparison"": 0.6284, ""qa"": 0.586, ""trend"": 0.5018}",0.3,0.3,,0.7076023583101997,0.0,1.0,1.0,1.0,0.3333333333333333,0.2,0.125,1.0,,0.5,"답변은 질문에서 요구하는 주요 재무 리스크의 이름을 나열했지만, 정답 기준에서 제시된 '핵심 재무위험'이라는 분류와 '환율변동위험이 상세히 설명된다'는 중요한 맥락 및 설명을 완전히 누락했습니다. 단순히 리스크 이름을 나열하는 것을 넘어, 어떤 리스크가 핵심이고 어떤 리스크가 상세히 다뤄지는지에 대한 설명이 없어 질문 의도에 절반 정도만 답했습니다.",1.0,,,,,,,,,,
contextual_parent_only_2500_320,numeric_fact_001,numeric_fact,삼성전자 2024 사업보고서에서 연결 기준 매출액은 얼마인가요?,"2024년 삼성전자의 연결 기준 매출은 300조 8,709억원이며 전년 대비 16.2% 증가했다.",매출현황 | 재무제표 | 요약재무,"II. 사업의 내용 > 4. 매출 및 수주상황: 2024년 매출은 300조 8,709억원으로 전년 동기 대비 16.2% 증가하였습니다.","ev_001 | direct | high | [삼성전자 | 2024 | III. 재무에 관한 사항 > 3. 연결재무제표 주석] | section=III. 재무에 관한 사항 > 3. 연결재무제표 주석 | claim=3,008,709 (억원) | quote=3,008,709",ev_001,"삼성전자 2024 사업보고서에서 연결 기준 매출액은 3,008,709억원입니다.",ev_001,,,,"삼성전자 2024 사업보고서에서 연결 기준 매출액은 3,008,709억원입니다.",삼성전자/2024/III. 재무에 관한 사항 > 3. 연결재무제표 주석 | 삼성전자/2024/III. 재무에 관한 사항 > 3. 연결재무제표 주석 | 삼성전자/2024/III. 재무에 관한 사항 > 3. 연결재무제표 주석,"III. 재무에 관한 사항 > 3. 연결재무제표 주석 [table / seed] 연결재무제표 작성 기준 및 연결대상 기업 현황을 설명합니다. 삼성전자 2024 사업보고서 섹션: III. 재무에 관한 사항 > 3. 연결재무제표 주석 분류: 연결재무제표 / table 가. 당기 및 전기 중 관계기업 및 공동기업 투자의 변동 내역은 다음과 같습니다. 삼성바이오로직스㈜ | 1,424,358 | 3,403,947 | 3,406,062 | 1,424,358 | 3,068,63...

III. 재무에 관한 사항 > 3. 연결재무제표 주석 [table / seed] 연결재무제표 작성 기준 및 연결대상 기업 현황을 설명합니다. 삼성전자 2024 사업보고서 섹션: III. 재무에 관한 사항 > 3. 연결재무제표 주석 분류: 연결재무제표 / table 가. 당기 및 전기 중 관계기업 및 공동기업 투자의 변동 내역은 다음과 같습니다. 당기순손익 | 48,408 | 2,420 | 87,072 | 2,399 기타포괄손익 | 39,152 | 3,756 | 50...

III. 재무에 관한 사항 > 3. 연결재무제표 주석 [table / seed] 연결재무제표 작성 기준 및 연결대상 기업 현황을 설명합니다. 삼성전자 2024 사업보고서 섹션: III. 재무에 관한 사항 > 3. 연결재무제표 주석 분류: 연결재무제표 / table 가. 당기 및 전기 중 관계기업 및 공동기업 투자의 변동 내역은 다음과 같습니다. 지분법손익 지분법자본변동 기타증감액(*) 삼성전기㈜ 1,764,249 106,455 7,844 (37,155) 1,841,...

III. 재무에 관한 사항 > 3. 연결재무제표 주석 [table / seed] 연결재무제표 작성 기준 및 연결대상 기업 현황을 설명합니다. 삼성전자 2024 사업보고서 섹션: III. 재무에 관한 사항 > 3. 연결재무제표 주석 분류: 연결재무제표 / table 가. 당기 및 전기 중 관계기업 및 공동기업 투자의 변동 내역은 다음과 같습니다. 순자산(a) 7,847,711 8,658,009 9,830,492 18,511,373 1,286,558 연결실체지분율(b)...

III. 재무에 관한 사항 > 3. 연결재무제표 주석 [table / seed] 연결재무제표 작성 기준 및 연결대상 기업 현황을 설명합니다. 삼성전자 2024 사업보고서 섹션: III. 재무에 관한 사항 > 3. 연결재무제표 주석 분류: 연결재무제표 / table 다음은 연결재무제표의 작성에 적용된 중요한 회계정책입니다. 이러한 정책은 별도의 언급이 없다면, 표시된 회계기간에 계속적으로 적용됩니다. 리스부채는 리스개시일에 그날 현재 지급되지 않은 리스료의 현재가치로...

III. 재무에 관한 사항 > 3. 연결재무제표 주석 [table / seed] 연결재무제표 작성 기준 및 연결대상 기업 현황을 설명합니다. 삼성전자 2024 사업보고서 섹션: III. 재무에 관한 사항 > 3. 연결재무제표 주석 분류: 연결재무제표 / table 연결회사는 미래에 대하여 추정 및 가정을 하고 있습니다. 추정 및 가정은 지속적으로 평가되며, 과거 경험과 현재의 상황에서 합리적으로 예측가능한 미래의 사건을 고려하여이루어집니다. 이러한 회계추정은 실제...

II. 사업의 내용 > 4. 매출 및 수주상황 [paragraph / seed] 삼성전자 2024년 총 매출액, 전년 대비 증감률 및 부문별/주요 제품별 매출 실적. 삼성전자 2024 사업보고서 섹션: II. 사업의 내용 > 4. 매출 및 수주상황 분류: 매출현황 / paragraph 2024년 당사의 주요 매출처로는 Apple, Deutsche Telekom, Hong Kong Techtronics, Supreme Electronics, Verizon 등(알파벳순...

II. 사업의 내용 > 7. 기타 참고사항 [paragraph / seed] 삼성전자는 26만 건 이상 특허로 사업 보호, 경쟁 견제 및 미래 사업을 준비합니다. (50자) 삼성전자 2024 사업보고서 섹션: II. 사업의 내용 > 7. 기타 참고사항 분류: 매출현황 / paragraph Harman은 전장부품 시장에서 차량내 경험의 중심이 되는 디지털 콕핏, 카 오디오 분야에서 선도적 시장 입지를 유지하고 있습니다. 당사는 Harman의 선두 위상을 강화하기...",[삼성전자] 2024년 사업보고서 / III. 재무에 관한 사항 > 3. 연결재무제표 주석 / table (score: 0.968) | [삼성전자] 2024년 사업보고서 / III. 재무에 관한 사항 > 3. 연결재무제표 주석 / table (score: 0.966) | [삼성전자] 2024년 사업보고서 / III. 재무에 관한 사항 > 3. 연결재무제표 주석 / table (score: 0.961) | [삼성전자] 2024년 사업보고서 / III. 재무에 관한 사항 > 3. 연결재무제표 주석 / table (score: 0.960) | [삼성전자] 2024년 사업보고서 / III. 재무에 관한 사항 > 3. 연결재무제표 주석 / table (score: 0.960) | [삼성전자] 2024년 사업보고서 / III. 재무에 관한 사항 > 3. 연결재무제표 주석 / table (score: 0.957) | [삼성전자] 2024년 사업보고서 / II. 사업의 내용 > 4. 매출 및 수주상황 / paragraph (score: 0.872) | [삼성전자] 2024년 사업보고서 / II. 사업의 내용 > 7. 기타 참고사항 / paragraph (score: 0.776),numeric_fact,numeric_fact,table,semantic_fast_path,0.9093973450268782,"{""numeric_fact"": 0.9094, ""risk"": 0.7769, ""comparison"": 0.6928, ""business_overview"": 0.6346, ""qa"": 0.5183, ""trend"": 0.4995}",0.0,1.0,numeric evaluator PASS (equivalence/grounding/retrieval_support 모두 1.0)로 faithfulness를 1.0으로 보정,0.8123738750463194,0.5,1.0,1.0,1.0,1.0,1.0,1.0,1.0,,0.7,"답변은 질문에서 요구한 연결 기준 매출액을 정확하게 제시했습니다. 하지만 '정답 기준 요약'에 포함된 '전년 대비 16.2% 증가했다'는 추가적인 맥락 정보가 답변에는 누락되어 있어, 질문 의도에 비해 충분하고 친절한 설명이라는 측면에서는 다소 부족합니다.",1.0,1.0,1.0,1.0,PASS,1.0,0.0,,,,
contextual_parent_only_2500_320,business_overview_001,business_overview,삼성전자 2024 사업보고서에서 회사가 영위하는 주요 사업은 무엇인가요?,"삼성전자는 DX 부문에서 TV·모니터·가전·스마트폰·네트워크시스템·PC를, DS 부문에서 DRAM·NAND Flash·모바일 AP를, SDC에서 스마트폰용 OLED 패널을, Harman에서 디지털 콕핏·카오디오·소비자 오디오 제품을 생산·판매한다.",사업개요,"II. 사업의 내용 > 1. 사업의 개요: 사업별로 보면, Set 사업은 DX(Device eXperience) 부문이 TV를 비롯하여 모니터, 냉장고, 세탁기, 에어컨, 스마트폰, 네트워크시스템, PC 등을 생산ㆍ판매하며, 부품 사업은 DS(Device Solutions) 부문에서 DRAM, NAND Flash, 모바일AP 등의 제품을 생산ㆍ판매하고, SDC가 스마트폰용 OLED 패널 등을 생산ㆍ판매하고 있습니다. 또한, Harman에서는 디지털 콕핏(Digital Cockpit), 카오디오 등 전장제품과 포터블/사운드바 스피커 등 소비자오디오 제품 등을 생산ㆍ판매하고 있습니다.","ev_001 | direct | high | [삼성전자 | 2024 | II. 사업의 내용 > 1. 사업의 개요] | section=II. 사업의 내용 > 1. 사업의 개요 | claim=삼성전자의 Set 사업은 DX(Device eXperience) 부문에서 TV, 모니터, 냉장고, 세탁기, 에어컨, 스마트폰, 네트워크시스템, PC 등을 생산 및 판매합니다. | quote=Set 사업은 DX(Device eXperience) 부문이 TV를 비롯하여 모니터, 냉장고, 세탁기, 에어컨, 스마트폰, 네트워크시스템, PC 등을 생산ㆍ판매하며

ev_002 | direct | high | [삼성전자 | 2024 | II. 사업의 내용 > 1. 사업의 개요] | section=II. 사업의 내용 > 1. 사업의 개요 | claim=부품 사업은 DS(Device Solutions) 부문에서 DRAM, NAND Flash, 모바일AP 등의 제품을 생산 및 판매합니다. | quote=부품 사업은 DS(Device Solutions) 부문에서 DRAM, NAND Flash, 모바일AP 등의 제품을 생산ㆍ판매하고

ev_003 | direct | high | [삼성전자 | 2024 | II. 사업의 내용 > 1. 사업의 개요] | section=II. 사업의 내용 > 1. 사업의 개요 | claim=SDC는 스마트폰용 OLED 패널 등을 생산 및 판매합니다. | quote=SDC가 스마트폰용 OLED 패널 등을 생산ㆍ판매하고 있습니다.

ev_004 | direct | high | [삼성전자 | 2024 | II. 사업의 내용 > 1. 사업의 개요] | section=II. 사업의 내용 > 1. 사업의 개요 | claim=Harman은 디지털 콕핏(Digital Cockpit), 카오디오 등 전장제품과 포터블/사운드바 스피커 등 소비자오디오 제품 등을 생산 및 판매합니다. | quote=Harman에서는 디지털 콕핏(Digital Cockpit), 카오디오 등 전장제품과 포터블/사운드바 스피커 등 소비자오디오 제품 등을 생산ㆍ판매하고 있습니다.",ev_001 | ev_002 | ev_003 | ev_004,"삼성전자의 DX(Device eXperience) 부문은 TV, 모니터, 냉장고, 세탁기, 에어컨, 스마트폰, 네트워크시스템, PC 등 Set 사업을 생산 및 판매합니다.

DS(Device Solutions) 부문은 DRAM, NAND Flash, 모바일AP 등 부품 사업을 생산 및 판매합니다.

SDC는 스마트폰용 OLED 패널을 생산 및 판매합니다.

Harman은 디지털 콕핏, 카오디오 등 전장제품과 포터블/사운드바 스피커 등 소비자오디오 제품을 생산 및 판매합니다.",ev_001 | ev_002 | ev_003 | ev_004,,,"keep | 삼성전자는 DX(Device eXperience) 부문에서 TV, 스마트폰 등 Set 사업을, DS(Device Solutions) 부문에서 DRAM, NAND Flash 등 부품 사업을 영위합니다. | reason=제공된 근거(ev_001, ev_002)에 의해 직접적으로 뒷받침됩니다. | claims=ev_001, ev_002

keep | 또한 SDC는 스마트폰용 OLED 패널을, Harman은 전장제품 및 소비자오디오 제품을 생산 및 판매합니다. | reason=제공된 근거(ev_003, ev_004)에 의해 직접적으로 뒷받침됩니다. | claims=ev_003, ev_004","삼성전자는 DX(Device eXperience) 부문에서 TV, 스마트폰 등 Set 사업을, DS(Device Solutions) 부문에서 DRAM, NAND Flash 등 부품 사업을 영위합니다. 또한 SDC는 스마트폰용 OLED 패널을, Harman은 전장제품 및 소비자오디오 제품을 생산 및 판매합니다.",삼성전자/2024/II. 사업의 내용 > 1. 사업의 개요 | 삼성전자/2024/VII. 주주에 관한 사항 | 삼성전자/2024/III. 재무에 관한 사항 > 5. 재무제표 주석,"II. 사업의 내용 > 1. 사업의 개요 [paragraph / seed] 삼성전자의 글로벌 사업 구조, 주요 사업 부문별 제품 및 국내외 운영 현황을 개괄합니다. 삼성전자 2024 사업보고서 섹션: II. 사업의 내용 > 1. 사업의 개요 분류: 사업개요 / paragraph 당사는 본사를 거점으로 한국과 DX 부문 산하 해외 9개 지역총괄 및 DS 부문 산하 해외 5개 지역총괄의 생산ㆍ판매법인, SDC 및 Harman 산하 종속기업 등 228개의 종속기업으...

VII. 주주에 관한 사항 [table / seed] 최대주주 및 특수관계인의 주식 소유 현황과 최대주주 개요를 다룹니다. (49자) 삼성전자 2024 사업보고서 섹션: VII. 주주에 관한 사항 분류: 회사개요 / table 1. 최대주주 및 그 특수관계인의 주식소유 현황 (기준일 : | 2024년 12월 31일 | ) | (단위 : 주, %) 성 명 | 관 계 | 주식의종류 | 소유주식수 및 지분율 | 비고 기 초 | 기 말 주식수 |...

III. 재무에 관한 사항 > 5. 재무제표 주석 [table / seed] 삼성전자 재무제표의 한국채택국제회계기준 작성기준 및 주요 회계정책 설명. (49자) 삼성전자 2024 사업보고서 섹션: III. 재무에 관한 사항 > 5. 재무제표 주석 분류: 재무주석 / table 가. 보고기간종료일 현재 종속기업의 현황은 다음과 같습니다. (*) 종속기업 보유 지분율을 포함한 의결권 있는 주식 기준입니다.

XII. 상세표 > 1. 연결대상 종속회사 현황(상세) [table / seed] 삼성전자 연결 종속기업의 현황과 변동 내역을 상세히 설명. 삼성전자 2024 사업보고서 섹션: XII. 상세표 > 1. 연결대상 종속회사 현황(상세) 분류: 기타공시 / table 당사의 연결대상 종속기업은 2024년말 현재 228개사입니다. 전년말 대비 6개 기업이 증가하고 10개 기업이 감소하였습니다. ☞ 본문 위치로 이동 (단위 : 백만원) 상호 | 설립일 | 주소 | 주요사업 |...

IV. 이사의 경영진단 및 분석의견 [paragraph / seed] 어려운 2024년 경영 환경 속 삼성전자의 주요 재무 실적을 분석합니다. 삼성전자 2024 사업보고서 섹션: IV. 이사의 경영진단 및 분석의견 분류: 경영진단 / paragraph 구분 | 부문 | 제56기 | 제55기 | 증감(률) 금액 | 비중 | 금액 | 비중 | 금액 | (%) 매출 | DX 부문 | 174,887,683 | 58.1% | 169,992,337 | 65.7% |...

III. 재무에 관한 사항 > 5. 재무제표 주석 [table / seed] 삼성전자 재무제표의 한국채택국제회계기준 작성기준 및 주요 회계정책 설명. (49자) 삼성전자 2024 사업보고서 섹션: III. 재무에 관한 사항 > 5. 재무제표 주석 분류: 재무주석 / table 삼성전자주식회사(이하 ""회사"")는 1969년 대한민국에서 설립되어 1975년에 대한민국의증권거래소에 상장하였습니다. 회사의 사업은 DX 부문, DS 부문으로 구성되어있습니다. DX(Devi...

III. 재무에 관한 사항 > 8. 기타 재무에 관한 사항 [table / seed] 종속기업 지분 인수·매각 및 소송 등 기타 재무 관련 주요 사항을 보고함. 삼성전자 2024 사업보고서 섹션: III. 재무에 관한 사항 > 8. 기타 재무에 관한 사항 분류: 기타재무 / table 법인명(채무자) | 관계 | 채권자 | 내용 | 목적 | 보증시작일 | 보증종료일 | 채무보증한도 | 채무금액 | 이자율 SME | 계열회사 | SCB | 지급보증 | 운영자금 | 2024...

IV. 이사의 경영진단 및 분석의견 [paragraph / seed] 어려운 2024년 경영 환경 속 삼성전자의 주요 재무 실적을 분석합니다. 삼성전자 2024 사업보고서 섹션: IV. 이사의 경영진단 및 분석의견 분류: 경영진단 / paragraph 가. 중요한 회계정책 및 추정에 관한 사항 당사는 2024년 1월 1일로 개시하는 회계기간부터 다음의 주요 제ㆍ개정 기준서를 신규로 적용하였습니다. - 기업회계기준서 제1001호 '재무제표 표시' 개정동 개...",[삼성전자] 2024년 사업보고서 / II. 사업의 내용 > 1. 사업의 개요 / paragraph (score: 1.166) | [삼성전자] 2024년 사업보고서 / VII. 주주에 관한 사항 / table (score: 0.827) | [삼성전자] 2024년 사업보고서 / III. 재무에 관한 사항 > 5. 재무제표 주석 / table (score: 0.826) | [삼성전자] 2024년 사업보고서 / XII. 상세표 > 1. 연결대상 종속회사 현황(상세) / table (score: 0.825) | [삼성전자] 2024년 사업보고서 / IV. 이사의 경영진단 및 분석의견 / paragraph (score: 0.824) | [삼성전자] 2024년 사업보고서 / III. 재무에 관한 사항 > 5. 재무제표 주석 / table (score: 0.824) | [삼성전자] 2024년 사업보고서 / III. 재무에 관한 사항 > 8. 기타 재무에 관한 사항 / table (score: 0.824) | [삼성전자] 2024년 사업보고서 / IV. 이사의 경영진단 및 분석의견 / paragraph (score: 0.823),business_overview,business_overview,mixed,llm_fallback,0.9093804431382557,"{""risk"": 0.9094, ""business_overview"": 0.8172, ""comparison"": 0.6536, ""numeric_fact"": 0.623, ""qa"": 0.6167, ""trend"": 0.4515}",1.0,1.0,,0.49128098632157463,1.0,1.0,1.0,1.0,0.3333333333333333,0.2,0.125,0.6666666666666666,,0.7,"핵심 사업 부문은 모두 언급했으나, 각 부문에서 영위하는 주요 사업의 구체적인 목록이 정답 기준에 비해 일부 누락되었습니다.",1.0,,,,,,,,,,
contextual_parent_only_2500_320,business_overview_003,business_overview,삼성전자는 몇 개의 종속기업으로 구성된 글로벌 전자 기업이라고 설명하나요?,"삼성전자는 본사를 거점으로 DX·DS 지역총괄과 SDC, Harman 산하 종속기업 등을 포함한 228개의 종속기업으로 구성된 글로벌 전자 기업이라고 설명한다.",사업개요,"II. 사업의 내용 > 1. 사업의 개요: 당사는 본사를 거점으로 한국과 DX 부문 산하 해외 9개 지역총괄 및 DS 부문 산하 해외 5개 지역총괄의 생산ㆍ판매법인, SDC 및 Harman 산하 종속기업 등 228개의 종속기업으로 구성된 글로벌 전자 기업입니다.","ev_001 | direct | high | [삼성전자 | 2024 | II. 사업의 내용 > 1. 사업의 개요] | section=II. 사업의 내용 > 1. 사업의 개요 | claim=삼성전자는 228개의 종속기업으로 구성된 글로벌 전자 기업입니다. | quote=당사는 본사를 거점으로 한국과 DX 부문 산하 해외 9개 지역총괄 및 DS 부문 산하 해외 5개 지역총괄의 생산ㆍ판매법인, SDC 및 Harman 산하 종속기업 등 228개의 종속기업으로 구성된 글로벌 전자 기업입니다.",ev_001,삼성전자는 228개의 종속기업으로 구성된 글로벌 전자 기업입니다.,ev_001,,,keep | 삼성전자는 228개의 종속기업으로 구성된 글로벌 전자 기업입니다. | reason=제공된 근거와 직접적으로 일치합니다. | claims=ev_001,삼성전자는 228개의 종속기업으로 구성된 글로벌 전자 기업입니다.,삼성전자/2024/II. 사업의 내용 > 1. 사업의 개요 | 삼성전자/2024/IX. 계열회사 등에 관한 사항 | 삼성전자/2024/III. 재무에 관한 사항 > 3. 연결재무제표 주석,"II. 사업의 내용 > 1. 사업의 개요 [paragraph / seed] 삼성전자의 글로벌 사업 구조, 주요 사업 부문별 제품 및 국내외 운영 현황을 개괄합니다. 삼성전자 2024 사업보고서 섹션: II. 사업의 내용 > 1. 사업의 개요 분류: 사업개요 / paragraph 당사는 본사를 거점으로 한국과 DX 부문 산하 해외 9개 지역총괄 및 DS 부문 산하 해외 5개 지역총괄의 생산ㆍ판매법인, SDC 및 Harman 산하 종속기업 등 228개의 종속기업으...

IX. 계열회사 등에 관한 사항 [table / seed] 삼성그룹 국내 계열사 현황 및 상호 출자 관계를 설명합니다. 삼성전자 2024 사업보고서 섹션: IX. 계열회사 등에 관한 사항 분류: 계열회사 / table 1. 계열회사의 현황 가. 기업집단에 소속된 회사(요약) 당사는「독점규제 및 공정거래에 관한 법률」상 삼성그룹에 속한 계열회사로서, 2024년말 현재 삼성그룹에는 전년말과 동일한 63개의 국내 계열회사가 있습니다. 이 중 상장사는...

III. 재무에 관한 사항 > 3. 연결재무제표 주석 [table / seed] 연결재무제표 작성 기준 및 연결대상 기업 현황을 설명합니다. 삼성전자 2024 사업보고서 섹션: III. 재무에 관한 사항 > 3. 연결재무제표 주석 분류: 연결재무제표 / table 가. 연결회사의 개요 삼성전자주식회사(이하 ""회사"")는 1969년 대한민국에서 설립되어 1975년에 대한민국의 증권거래소에 상장하였습니다. 회사 및 종속기업(이하 삼성전자주식회사와 그 종속기업을 일괄하여...

XII. 상세표 > 1. 연결대상 종속회사 현황(상세) [table / seed] 삼성전자 연결 종속기업의 현황과 변동 내역을 상세히 설명. 삼성전자 2024 사업보고서 섹션: XII. 상세표 > 1. 연결대상 종속회사 현황(상세) 분류: 기타공시 / table 당사의 연결대상 종속기업은 2024년말 현재 228개사입니다. 전년말 대비 6개 기업이 증가하고 10개 기업이 감소하였습니다. ☞ 본문 위치로 이동 (단위 : 백만원) 상호 | 설립일 | 주소 | 주요사업 |...

IX. 계열회사 등에 관한 사항 [table / seed] 삼성그룹 국내 계열사 현황 및 상호 출자 관계를 설명합니다. 삼성전자 2024 사업보고서 섹션: IX. 계열회사 등에 관한 사항 분류: 계열회사 / table 피출자회사 ＼ 출자회사 | 수원삼성축구단(주) | 스테코(주) | 신라에이치엠(주) | 에스디플렉스(주) | 에스비티엠(주) | 에스원씨알엠(주) | 에스유머티리얼스(주) | 에스코어(주) | 에스티엠(주) | 에이치디씨신라면세점...

V. 회계감사인의 감사의견 등 > 1. 외부감사에 관한 사항 [paragraph / seed] 삼성전자 및 종속기업의 최근 회계감사 결과, 모두 적정의견을 받았습니다. (37자) 삼성전자 2024 사업보고서 섹션: V. 회계감사인의 감사의견 등 > 1. 외부감사에 관한 사항 분류: 기타 / paragraph 또한, 제54기말(전전기) 현재 당사의 종속기업은 232개이며, 종속기업 Samsung R Institute Ukraine (SRUKR)이 PwC를, SVIC 52호 신기술투...

XII. 상세표 > 2. 계열회사 현황(상세) [paragraph / seed] 2024년 말 삼성그룹 국내외 계열사 현황: 국내 63개(상장 17, 비상장 46) 및 해외 계열사. 삼성전자 2024 사업보고서 섹션: XII. 상세표 > 2. 계열회사 현황(상세) 분류: 계열회사 / paragraph 가. 국내 계열회사 현황 2024년말 현재 삼성그룹에는 전년말과 동일한 63개의 국내 계열회사가 있습니다. 이 중 상장사는 당사를 포함하여 총 17개사이며 비상장사는...

III. 재무에 관한 사항 > 5. 재무제표 주석 [table / seed] 삼성전자 재무제표의 한국채택국제회계기준 작성기준 및 주요 회계정책 설명. (49자) 삼성전자 2024 사업보고서 섹션: III. 재무에 관한 사항 > 5. 재무제표 주석 분류: 재무주석 / table 가. 당기 및 전기 중 종속기업, 관계기업 및 공동기업 투자의 변동 내역은 다음과 같습니다. 총포괄손익(*) | 468,010 | 682,337 | 846,018 | 2,094,601 |...",[삼성전자] 2024년 사업보고서 / II. 사업의 내용 > 1. 사업의 개요 / paragraph (score: 0.723) | [삼성전자] 2024년 사업보고서 / IX. 계열회사 등에 관한 사항 / table (score: 0.581) | [삼성전자] 2024년 사업보고서 / III. 재무에 관한 사항 > 3. 연결재무제표 주석 / table (score: 0.581) | [삼성전자] 2024년 사업보고서 / XII. 상세표 > 1. 연결대상 종속회사 현황(상세) / table (score: 0.581) | [삼성전자] 2024년 사업보고서 / IX. 계열회사 등에 관한 사항 / table (score: 0.579) | [삼성전자] 2024년 사업보고서 / V. 회계감사인의 감사의견 등 > 1. 외부감사에 관한 사항 / paragraph (score: 0.577) | [삼성전자] 2024년 사업보고서 / XII. 상세표 > 2. 계열회사 현황(상세) / paragraph (score: 0.577) | [삼성전자] 2024년 사업보고서 / III. 재무에 관한 사항 > 5. 재무제표 주석 / table (score: 0.576),business_overview,business_overview,mixed,semantic_fast_path,0.9999999999999469,"{""business_overview"": 1.0, ""numeric_fact"": 0.611, ""risk"": 0.5981, ""comparison"": 0.5843, ""qa"": 0.5779, ""trend"": 0.36}",1.0,1.0,,0.6348837337070378,1.0,1.0,1.0,1.0,0.3333333333333333,0.2,0.125,0.6666666666666666,,0.7,"핵심 정보인 종속기업의 수는 정확히 제시되었으나, 정답 기준에 포함된 종속기업의 구체적인 예시(DX·DS, SDC, Harman 등)가 답변에서 누락되어 설명이 다소 불충분합니다.",1.0,,,,,,0.0,,,,
contextual_parent_only_2500_320,risk_analysis_001,risk_analysis,삼성전자 2024 사업보고서에서 주요 재무 리스크는 무엇인가요?,"사업보고서는 시장위험, 신용위험, 유동성위험을 핵심 재무위험으로 제시하고, 시장위험 중에서는 환율변동위험을 상세히 설명한다.",위험관리 및 파생거래,"II. 사업의 내용 > 5. 위험관리 및 파생거래: 당사는 영업활동에서 파생되는 시장위험, 신용위험, 유동성위험 등을 최소화하는데 중점을 두고 재무위험을 관리하고 있으며, 이를 위해 각각의 위험요인에 대해 면밀하게 모니터링 및 대응하고 있습니다.

II. 사업의 내용 > 5. 위험관리 및 파생거래: 당사는 글로벌 영업활동을 수행함에 따라 기능통화와 다른 통화로도 거래를 하고 있어 환율변동위험에 노출되어 있습니다.

II. 사업의 내용 > 5. 위험관리 및 파생거래: 신용위험은 통상적인 거래 및 투자 활동에서 발생하며 고객 또는 거래상대방이 계약조건상 의무사항을 지키지 못하였을 때 발생합니다.

II. 사업의 내용 > 5. 위험관리 및 파생거래: 유동성위험이란 당사가 금융부채와 관련된 모든 의무를 이행하는 데 어려움을 겪게 될 위험을 의미합니다.","ev_001 | direct | high | [삼성전자 | 2024 | IV. 이사의 경영진단 및 분석의견] | section=IV. 이사의 경영진단 및 분석의견 | claim=국내외 금융 시장의 동향, 특히 환율 및 이자율 변동은 회사의 향후 경영현황 및 재무실적에 긍정적 또는 부정적으로 영향을 미칠 수 있는 불확실성으로 언급됩니다. | quote=ㆍ환율, 이자율 등의 변동을 포함한 국내ㆍ외 금융 시장의 동향

ev_002 | direct | high | [삼성전자 | 2024 | IV. 이사의 경영진단 및 분석의견] | section=IV. 이사의 경영진단 및 분석의견 | claim=2025년에는 관세 중심의 보호무역 기조 확산과 함께 환율 리스크가 경제적 불확실성으로 예고되고 있습니다. | quote=2025년은 관세 중심의 보호무역 기조 확산과 환율 리스크 등 경제적 불확실성이 예고되고 있으며

ev_003 | direct | high | [삼성전자 | 2024 | III. 재무에 관한 사항 > 5. 재무제표 주석] | section=III. 재무에 관한 사항 > 5. 재무제표 주석 | claim=기업회계기준서 제1107호 '금융상품 공시' 개정사항에 따라 유동성위험 집중도에 대한 익스포저 관련 정보를 공시해야 합니다. | quote=기업회계기준서 제1107호 '금융상품 공시'를 개정하여 유동성위험 집중도에 대한 익스포저와 관련한 정보를 공시하도록 하는 요구사항의 예로 공급자금융약정을 추가하였습니다.

ev_004 | direct | high | [삼성전자 | 2024 | III. 재무에 관한 사항 > 5. 재무제표 주석] | section=III. 재무에 관한 사항 > 5. 재무제표 주석 | claim=회사는 상각후원가 또는 기타포괄손익-공정가치로 측정하는 채무상품에 대한 기대신용손실을 평가하며, 매출채권에 대해서는 전체기간 기대신용손실을 인식하는 간편법을 적용합니다. | quote=회사는 미래 전망정보에 근거하여 상각후원가로 측정하거나 기타포괄손익-공정가치로 측정하는 채무상품에 대한 기대신용손실을 평가합니다. 단, 매출채권에 대해 회사는 채권의 최초 인식 시점부터 전체기간 기대신용손실을 인식하는 간편법을 적용합니다.

ev_005 | direct | high | [삼성전자 | 2024 | III. 재무에 관한 사항 > 8. 기타 재무에 관한 사항] | section=III. 재무에 관한 사항 > 8. 기타 재무에 관한 사항 | claim=삼성전자는 여러 계열회사에 대한 해외 채무보증을 제공하고 있으며, 2024년 말 기준 총 채무보증한도는 15,462,055천 US$에 달합니다. | quote=합 계 | 9,070,657 | 15,462,055 | 839,935 | 152,453 | 992,388",ev_001 | ev_002 | ev_003 | ev_004 | ev_005,"국내외 금융 시장의 동향(환율 및 이자율 변동 포함)

유동성위험

기대신용손실(신용위험)

해외 채무보증(우발부채)",ev_001 | ev_002 | ev_003 | ev_004 | ev_005,,,"keep | 삼성전자 2024년 사업보고서에 따르면 주요 재무 리스크는 다음과 같습니다. | reason=이 문장은 이어지는 리스크 목록의 도입부이며, 모든 근거가 2024년 사업보고서에서 주요 재무 리스크를 설명하고 있으므로 지지됩니다. | claims=ev_001, ev_002, ev_003, ev_004, ev_005

keep | 국내외 금융 시장의 동향, 특히 환율 및 이자율 변동 | reason=국내외 금융 시장의 동향, 환율 및 이자율 변동이 재무 리스크로 언급된 근거가 있습니다. | claims=ev_001, ev_002

keep | 유동성위험 | reason=유동성위험에 대한 공시 요구사항이 언급된 근거가 있습니다. | claims=ev_003

keep | 기대신용손실 | reason=기대신용손실 평가 및 인식에 대한 근거가 있습니다. | claims=ev_004

keep | 해외 채무보증 | reason=해외 채무보증 제공 및 그 한도에 대한 근거가 있습니다. | claims=ev_005","삼성전자 2024년 사업보고서에 따르면 주요 재무 리스크는 다음과 같습니다. 국내외 금융 시장의 동향, 특히 환율 및 이자율 변동 유동성위험 기대신용손실 해외 채무보증",삼성전자/2024/IV. 이사의 경영진단 및 분석의견 | 삼성전자/2024/III. 재무에 관한 사항 > 5. 재무제표 주석 | 삼성전자/2024/III. 재무에 관한 사항 > 5. 재무제표 주석,"IV. 이사의 경영진단 및 분석의견 [paragraph / seed] 어려운 2024년 경영 환경 속 삼성전자의 주요 재무 실적을 분석합니다. 삼성전자 2024 사업보고서 섹션: IV. 이사의 경영진단 및 분석의견 분류: 경영진단 / paragraph 가. 중요한 회계정책 및 추정에 관한 사항 당사는 2024년 1월 1일로 개시하는 회계기간부터 다음의 주요 제ㆍ개정 기준서를 신규로 적용하였습니다. - 기업회계기준서 제1001호 '재무제표 표시' 개정동 개...

III. 재무에 관한 사항 > 5. 재무제표 주석 [table / seed] 삼성전자 재무제표의 한국채택국제회계기준 작성기준 및 주요 회계정책 설명. (49자) 삼성전자 2024 사업보고서 섹션: III. 재무에 관한 사항 > 5. 재무제표 주석 분류: 재무주석 / table 가. 보고기간종료일 현재 종속기업의 현황은 다음과 같습니다. (*) 종속기업 보유 지분율을 포함한 의결권 있는 주식 기준입니다.

III. 재무에 관한 사항 > 5. 재무제표 주석 [table / seed] 삼성전자 재무제표의 한국채택국제회계기준 작성기준 및 주요 회계정책 설명. (49자) 삼성전자 2024 사업보고서 섹션: III. 재무에 관한 사항 > 5. 재무제표 주석 분류: 재무주석 / table 평가전금액 | 재고자산 평가충당금 | 장부금액 합계

III. 재무에 관한 사항 > 5. 재무제표 주석 [table / seed] 삼성전자 재무제표의 한국채택국제회계기준 작성기준 및 주요 회계정책 설명. (49자) 삼성전자 2024 사업보고서 섹션: III. 재무에 관한 사항 > 5. 재무제표 주석 분류: 재무주석 / table 회사는 미래에 대하여 추정 및 가정을 하고 있습니다. 추정 및 가정은 지속적으로 평가되며, 과거 경험과 현재의 상황에서 합리적으로 예측가능한 미래의 사건을 고려하여 이루어집니다. 이러한 회...

III. 재무에 관한 사항 > 8. 기타 재무에 관한 사항 [table / seed] 종속기업 지분 인수·매각 및 소송 등 기타 재무 관련 주요 사항을 보고함. 삼성전자 2024 사업보고서 섹션: III. 재무에 관한 사항 > 8. 기타 재무에 관한 사항 분류: 기타재무 / table 법인명(채무자) | 관계 | 채권자 | 내용 | 목적 | 보증시작일 | 보증종료일 | 채무보증한도 | 채무금액 | 이자율 SME | 계열회사 | SCB | 지급보증 | 운영자금 | 2024...

XI. 그 밖에 투자자 보호를 위하여 필요한 사항 > 2. 우발부채 등에 관한 사항 [paragraph / seed] 삼성전자는 소송, 분할 전 채무 연대책임 및 계열사 채무보증 등 우발부채 현황을 설명합니다. (52자) 삼성전자 2024 사업보고서 섹션: XI. 그 밖에 투자자 보호를 위하여 필요한 사항 > 2. 우발부채 등에 관한 사항 분류: 기타공시 / paragraph 가. 중요한 소송사건등 당사는 다수의 회사 등과 정상적인 영업과정에서 발생한 소송, 분쟁 및 규제기관의 조사 등을 진행 중에 있...

XI. 그 밖에 투자자 보호를 위하여 필요한 사항 > 4. 작성기준일 이후 발생한 주요사항 등 기타사항 [paragraph / seed] 작성기준일 이후 주요사항 없음과 사회공헌 등 대외후원 현황을 다룹니다. (48자) 삼성전자 2024 사업보고서 섹션: XI. 그 밖에 투자자 보호를 위하여 필요한 사항 > 4. 작성기준일 이후 발생한 주요사항 등 기타사항 분류: 기타공시 / paragraph 가. 작성기준일 이후 발생한 주요사항 해당사항 없습니다. 나. 대외후원 현황

I. 회사의 개요 > 5. 정관에 관한 사항 [paragraph / seed] 2024년 정관 변경 이력과 사업 목적 현황을 다룹니다. 삼성전자 2024 사업보고서 섹션: I. 회사의 개요 > 5. 정관에 관한 사항 분류: 기타 / paragraph 가. 정관 이력 당사는 제55기 정기주주총회(2024년 3월 20일)에서 정관 일부를 변경하였습니다.☞ 정관변경에 대한 자세한 사항은 전자공시시스템(http://dart.fss.or.kr)에 공시된 제55기 정기주주총...",[삼성전자] 2024년 사업보고서 / IV. 이사의 경영진단 및 분석의견 / paragraph (score: 0.829) | [삼성전자] 2024년 사업보고서 / III. 재무에 관한 사항 > 5. 재무제표 주석 / table (score: 0.750) | [삼성전자] 2024년 사업보고서 / III. 재무에 관한 사항 > 5. 재무제표 주석 / table (score: 0.750) | [삼성전자] 2024년 사업보고서 / III. 재무에 관한 사항 > 5. 재무제표 주석 / table (score: 0.746) | [삼성전자] 2024년 사업보고서 / III. 재무에 관한 사항 > 8. 기타 재무에 관한 사항 / table (score: 0.745) | [삼성전자] 2024년 사업보고서 / XI. 그 밖에 투자자 보호를 위하여 필요한 사항 > 2. 우발부채 등에 관한 사항 / paragraph (score: 0.625) | [삼성전자] 2024년 사업보고서 / XI. 그 밖에 투자자 보호를 위하여 필요한 사항 > 4. 작성기준일 이후 발생한 주요사항 등 기타사항 / paragraph (score: 0.624) | [삼성전자] 2024년 사업보고서 / I. 회사의 개요 > 5. 정관에 관한 사항 / paragraph (score: 0.621),risk,risk,paragraph,semantic_fast_path,0.9999999999999011,"{""risk"": 1.0, ""business_overview"": 0.7604, ""numeric_fact"": 0.6405, ""comparison"": 0.6284, ""qa"": 0.586, ""trend"": 0.5018}",0.5,0.5,,0.6345424200062798,0.0,0.0,0.0,0.0,0.0,0.0,0.0,0.6666666666666666,,0.7,"핵심 재무 리스크(시장, 신용, 유동성 위험)는 언급되었으나, 각 리스크에 대한 설명이 매우 간략하여 질문 의도에 비해 충분하고 친절한 설명이라고 보기 어렵습니다. 특히 정답 기준에서 환율변동위험을 상세히 설명한다고 언급했음에도 답변은 단순히 나열하는 수준에 그쳤습니다.",1.0,,,,,,,,,,
plain_prefix_2500_320,numeric_fact_001,numeric_fact,삼성전자 2024 사업보고서에서 연결 기준 매출액은 얼마인가요?,"2024년 삼성전자의 연결 기준 매출은 300조 8,709억원이며 전년 대비 16.2% 증가했다.",매출현황 | 재무제표 | 요약재무,"II. 사업의 내용 > 4. 매출 및 수주상황: 2024년 매출은 300조 8,709억원으로 전년 동기 대비 16.2% 증가하였습니다.",,,관련 공시 문서에서 요청한 수치를 찾지 못했습니다.,,,,,관련 공시 문서에서 요청한 수치를 찾지 못했습니다.,삼성전자/2024/III. 재무에 관한 사항 > 2. 연결재무제표 | 삼성전자/2024/III. 재무에 관한 사항 > 3. 연결재무제표 주석 | 삼성전자/2024/III. 재무에 관한 사항 > 3. 연결재무제표 주석,"III. 재무에 관한 사항 > 2. 연결재무제표 [table / seed] [회사: 삼성전자] [연도: 2024] [보고서: 사업보고서] [섹션: III. 재무에 관한 사항 > 2. 연결재무제표] [분류: 연결재무제표 / table] [키워드: 연결재무제표, III. 재무에 관한 사항 > 2. 연결재무제표, 매출, 연결 기준, 재무, 손익, 영업이익, 매출액, 표 설명 문맥, 표] 제 56 기 | 제 55 기 | 제 54 기 제 56 기 | 제 55 기 | 제...

III. 재무에 관한 사항 > 3. 연결재무제표 주석 [table / seed] [회사: 삼성전자] [연도: 2024] [보고서: 사업보고서] [섹션: III. 재무에 관한 사항 > 3. 연결재무제표 주석] [분류: 연결재무제표 / table] [키워드: 연결재무제표, III. 재무에 관한 사항 > 3. 연결재무제표 주석, 매출, 연결 기준, 재무, 손익, 영업이익, 매출액, 표] 가. 당기 및 전기 중 관계기업 및 공동기업 투자의 변동 내역은 다음과 같습니다. 삼...

III. 재무에 관한 사항 > 3. 연결재무제표 주석 [table / seed] [회사: 삼성전자] [연도: 2024] [보고서: 사업보고서] [섹션: III. 재무에 관한 사항 > 3. 연결재무제표 주석] [분류: 연결재무제표 / table] [키워드: 연결재무제표, III. 재무에 관한 사항 > 3. 연결재무제표 주석, 매출, 연결 기준, 재무, 손익, 영업이익, 매출액, 표] 가. 연결회사의 개요 Samsung Electronics Hong Kong Co.,...

III. 재무에 관한 사항 > 3. 연결재무제표 주석 [table / seed] [회사: 삼성전자] [연도: 2024] [보고서: 사업보고서] [섹션: III. 재무에 관한 사항 > 3. 연결재무제표 주석] [분류: 연결재무제표 / table] [키워드: 연결재무제표, III. 재무에 관한 사항 > 3. 연결재무제표 주석, 매출, 연결 기준, 재무, 손익, 영업이익, 매출액, 표 설명 문맥, 표] 가. 연결회사의 개요 삼성전자주식회사(이하 ""회사"")는 1969년 대...

III. 재무에 관한 사항 > 3. 연결재무제표 주석 [table / seed] [회사: 삼성전자] [연도: 2024] [보고서: 사업보고서] [섹션: III. 재무에 관한 사항 > 3. 연결재무제표 주석] [분류: 연결재무제표 / table] [키워드: 연결재무제표, III. 재무에 관한 사항 > 3. 연결재무제표 주석, 매출, 연결 기준, 재무, 손익, 영업이익, 매출액, 표 설명 문맥, 표] 가. 당기 및 전기 중 관계기업 및 공동기업 투자의 변동 내역은 다음...

III. 재무에 관한 사항 > 3. 연결재무제표 주석 [table / seed] [회사: 삼성전자] [연도: 2024] [보고서: 사업보고서] [섹션: III. 재무에 관한 사항 > 3. 연결재무제표 주석] [분류: 연결재무제표 / table] [키워드: 연결재무제표, III. 재무에 관한 사항 > 3. 연결재무제표 주석, 매출, 연결 기준, 재무, 손익, 영업이익, 매출액, 표] 가. 당기 및 전기 중 관계기업 및 공동기업 투자의 변동 내역은 다음과 같습니다. 당...

II. 사업의 내용 > 4. 매출 및 수주상황 [paragraph / seed] [회사: 삼성전자] [연도: 2024] [보고서: 사업보고서] [섹션: II. 사업의 내용 > 4. 매출 및 수주상황] [분류: 매출현황 / paragraph] [키워드: 매출현황, II. 사업의 내용 > 4. 매출 및 수주상황, 매출, 연결 기준, 재무, 손익, 영업이익, 매출액, 문단] 2024년 당사의 주요 매출처로는 Apple, Deutsche Telekom, Hong Kong...

X. 대주주 등과의 거래내용 [paragraph / seed] [회사: 삼성전자] [연도: 2024] [보고서: 사업보고서] [섹션: X. 대주주 등과의 거래내용] [분류: 대주주거래 / paragraph] [키워드: 대주주거래, X. 대주주 등과의 거래내용, 표 설명 문맥, 문단] 1. 대주주 등에 대한 신용공여 등 당사는 2024년말 현재 Samsung Electronics America, Inc. (SEA) 등 해외종속법인의 유연한 자금조달을...",[삼성전자] 2024년 사업보고서 / III. 재무에 관한 사항 > 2. 연결재무제표 / table (score: 1.087) | [삼성전자] 2024년 사업보고서 / III. 재무에 관한 사항 > 3. 연결재무제표 주석 / table (score: 0.969) | [삼성전자] 2024년 사업보고서 / III. 재무에 관한 사항 > 3. 연결재무제표 주석 / table (score: 0.968) | [삼성전자] 2024년 사업보고서 / III. 재무에 관한 사항 > 3. 연결재무제표 주석 / table (score: 0.966) | [삼성전자] 2024년 사업보고서 / III. 재무에 관한 사항 > 3. 연결재무제표 주석 / table (score: 0.965) | [삼성전자] 2024년 사업보고서 / III. 재무에 관한 사항 > 3. 연결재무제표 주석 / table (score: 0.965) | [삼성전자] 2024년 사업보고서 / II. 사업의 내용 > 4. 매출 및 수주상황 / paragraph (score: 0.869) | [삼성전자] 2024년 사업보고서 / X. 대주주 등과의 거래내용 / paragraph (score: 0.581),numeric_fact,numeric_fact,table,semantic_fast_path,0.9093973450268782,"{""numeric_fact"": 0.9094, ""risk"": 0.7769, ""comparison"": 0.6928, ""business_overview"": 0.6346, ""qa"": 0.5183, ""trend"": 0.4995}",1.0,1.0,,0.12753597705559983,0.0,1.0,1.0,1.0,1.0,1.0,0.875,1.0,,0.0,"답변이 질문에서 요구한 핵심 정보(매출액)를 전혀 제공하지 못하고, 정보를 찾지 못했다고 응답했습니다.",0.0,,1.0,1.0,UNCERTAIN,1.0,,,,,
plain_prefix_2500_320,business_overview_001,business_overview,삼성전자 2024 사업보고서에서 회사가 영위하는 주요 사업은 무엇인가요?,"삼성전자는 DX 부문에서 TV·모니터·가전·스마트폰·네트워크시스템·PC를, DS 부문에서 DRAM·NAND Flash·모바일 AP를, SDC에서 스마트폰용 OLED 패널을, Harman에서 디지털 콕핏·카오디오·소비자 오디오 제품을 생산·판매한다.",사업개요,"II. 사업의 내용 > 1. 사업의 개요: 사업별로 보면, Set 사업은 DX(Device eXperience) 부문이 TV를 비롯하여 모니터, 냉장고, 세탁기, 에어컨, 스마트폰, 네트워크시스템, PC 등을 생산ㆍ판매하며, 부품 사업은 DS(Device Solutions) 부문에서 DRAM, NAND Flash, 모바일AP 등의 제품을 생산ㆍ판매하고, SDC가 스마트폰용 OLED 패널 등을 생산ㆍ판매하고 있습니다. 또한, Harman에서는 디지털 콕핏(Digital Cockpit), 카오디오 등 전장제품과 포터블/사운드바 스피커 등 소비자오디오 제품 등을 생산ㆍ판매하고 있습니다.","ev_001 | direct | high | [삼성전자 | 2024 | I. 회사의 개요 > 1. 회사의 개요] | section=I. 회사의 개요 > 1. 회사의 개요 | claim=삼성전자는 제품 특성에 따라 DX(Device eXperience) 부문, DS(Device Solutions) 부문, 패널 사업을 영위하는 SDC(삼성디스플레이㈜), 전장부품사업 등을 영위하는 Harman으로 나누어 주요 사업을 경영하고 있습니다. | quote=당사는 제품의 특성에 따라 DX(Device eXperience), DS(Device Solutions) 2개의 부문과 패널 사업을 영위하는 SDC(삼성디스플레이㈜ 및 그 종속기업), 전장부품사업 등을 영위하는 Harman(Harman International Industries, Inc. 및 그 종속기업)으로 나누어 경영을 하고 있습니다.

ev_002 | direct | high | [삼성전자 | 2024 | I. 회사의 개요 > 1. 회사의 개요] | section=I. 회사의 개요 > 1. 회사의 개요 | claim=DX 부문에서는 TV, 모니터, 냉장고, 세탁기, 에어컨, 스마트폰, 네트워크시스템, PC 등을 주요 제품으로 생산 및 판매합니다. | quote=DX 부문 | TV, 모니터, 냉장고, 세탁기, 에어컨,스마트폰, 네트워크시스템, PC 등

ev_003 | direct | high | [삼성전자 | 2024 | I. 회사의 개요 > 1. 회사의 개요] | section=I. 회사의 개요 > 1. 회사의 개요 | claim=DS 부문에서는 DRAM, NAND Flash, 모바일AP 등의 제품을 주요 제품으로 생산 및 판매합니다. | quote=DS 부문 | DRAM, NAND Flash, 모바일AP 등

ev_004 | direct | high | [삼성전자 | 2024 | I. 회사의 개요 > 1. 회사의 개요] | section=I. 회사의 개요 > 1. 회사의 개요 | claim=SDC는 스마트폰용 OLED 패널 등을 주요 제품으로 생산 및 판매합니다. | quote=SDC | 스마트폰용 OLED 패널 등

ev_005 | direct | high | [삼성전자 | 2024 | I. 회사의 개요 > 1. 회사의 개요] | section=I. 회사의 개요 > 1. 회사의 개요 | claim=Harman은 디지털 콕핏(Digital Cockpit), 카오디오, 포터블 스피커 등 전장제품 및 소비자오디오 제품을 주요 제품으로 생산 및 판매합니다. | quote=Harman | 디지털 콕핏(Digital Cockpit), 카오디오, 포터블 스피커 등",ev_001 | ev_002 | ev_003 | ev_004 | ev_005,"삼성전자는 DX 부문, DS 부문, SDC, Harman으로 나누어 주요 사업을 경영합니다.

DX 부문은 TV, 모니터, 냉장고, 세탁기, 에어컨, 스마트폰, 네트워크시스템, PC 등을 생산 및 판매합니다.

DS 부문은 DRAM, NAND Flash, 모바일AP 등을 생산 및 판매합니다.

SDC는 스마트폰용 OLED 패널 등을 생산 및 판매합니다.

Harman은 디지털 콕핏, 카오디오, 포터블 스피커 등 전장제품 및 소비자오디오 제품을 생산 및 판매합니다.",ev_001 | ev_002 | ev_003 | ev_004 | ev_005,,,"keep | 삼성전자는 DX 부문, DS 부문, SDC, Harman으로 주요 사업을 경영합니다. | reason=제공된 근거(ev_001)에 의해 직접적으로 뒷받침됩니다. | claims=ev_001

keep | DX 부문은 TV, 모니터, 냉장고, 세탁기, 에어컨, 스마트폰, 네트워크시스템, PC 등을, DS 부문은 DRAM, NAND Flash, 모바일AP 등을 생산 및 판매합니다. | reason=DX 부문 관련 내용은 근거(ev_002)에 의해, DS 부문 관련 내용은 근거(ev_003)에 의해 직접적으로 뒷받침됩니다. | claims=ev_002, ev_003

keep | SDC는 스마트폰용 OLED 패널 등을, Harman은 디지털 콕핏, 카오디오, 포터블 스피커 등 전장제품 및 소비자오디오 제품을 생산 및 판매합니다. | reason=SDC 관련 내용은 근거(ev_004)에 의해, Harman 관련 내용은 근거(ev_005)에 의해 직접적으로 뒷받침됩니다. | claims=ev_004, ev_005","삼성전자는 DX 부문, DS 부문, SDC, Harman으로 주요 사업을 경영합니다. DX 부문은 TV, 모니터, 냉장고, 세탁기, 에어컨, 스마트폰, 네트워크시스템, PC 등을, DS 부문은 DRAM, NAND Flash, 모바일AP 등을 생산 및 판매합니다. SDC는 스마트폰용 OLED 패널 등을, Harman은 디지털 콕핏, 카오디오, 포터블 스피커 등 전장제품 및 소비자오디오 제품을 생산 및 판매합니다.",삼성전자/2024/II. 사업의 내용 > 1. 사업의 개요 | 삼성전자/2024/I. 회사의 개요 > 1. 회사의 개요 | 삼성전자/2024/I. 회사의 개요 > 5. 정관에 관한 사항,"II. 사업의 내용 > 1. 사업의 개요 [paragraph / seed] [회사: 삼성전자] [연도: 2024] [보고서: 사업보고서] [섹션: II. 사업의 내용 > 1. 사업의 개요] [분류: 사업개요 / paragraph] [키워드: 사업개요, II. 사업의 내용 > 1. 사업의 개요, 주요 사업, 사업 개요, 제품, 서비스, 사업 부문, 문단] 당사는 본사를 거점으로 한국과 DX 부문 산하 해외 9개 지역총괄 및 DS 부문 산하 해외 5개 지역총괄의...

I. 회사의 개요 > 1. 회사의 개요 [paragraph / seed] [회사: 삼성전자] [연도: 2024] [보고서: 사업보고서] [섹션: I. 회사의 개요 > 1. 회사의 개요] [분류: 회사개요 / paragraph] [키워드: 회사개요, I. 회사의 개요 > 1. 회사의 개요, 주요 사업, 사업 개요, 제품, 서비스, 사업 부문, 표 설명 문맥, 문단] 가. 회사의 법적ㆍ상업적 명칭 당사의 명칭은 삼성전자주식회사이고 영문명은 Samsung Elec...

I. 회사의 개요 > 5. 정관에 관한 사항 [paragraph / seed] [회사: 삼성전자] [연도: 2024] [보고서: 사업보고서] [섹션: I. 회사의 개요 > 5. 정관에 관한 사항] [분류: 기타 / paragraph] [키워드: 기타, I. 회사의 개요 > 5. 정관에 관한 사항, 주요 사업, 사업 개요, 제품, 서비스, 사업 부문, 표 설명 문맥, 문단] 가. 정관 이력 당사는 제55기 정기주주총회(2024년 3월 20일)에서 정관 일부를 변경하...

I. 회사의 개요 > 4. 주식의 총수 등 [table / seed] [회사: 삼성전자] [연도: 2024] [보고서: 사업보고서] [섹션: I. 회사의 개요 > 4. 주식의 총수 등] [분류: 회사개요 / table] [키워드: 회사개요, I. 회사의 개요 > 4. 주식의 총수 등, 주요 사업, 사업 개요, 제품, 서비스, 사업 부문, 표 설명 문맥, 표] [△는 부(-)의 값임]

II. 사업의 내용 > 4. 매출 및 수주상황 [paragraph / seed] [회사: 삼성전자] [연도: 2024] [보고서: 사업보고서] [섹션: II. 사업의 내용 > 4. 매출 및 수주상황] [분류: 매출현황 / paragraph] [키워드: 매출현황, II. 사업의 내용 > 4. 매출 및 수주상황, 매출, 연결 기준, 재무, 손익, 영업이익, 매출액, 문단] 2024년 당사의 주요 매출처로는 Apple, Deutsche Telekom, Hong Kong...

I. 회사의 개요 > 2. 회사의 연혁 [paragraph / seed] [회사: 삼성전자] [연도: 2024] [보고서: 사업보고서] [섹션: I. 회사의 개요 > 2. 회사의 연혁] [분류: 임원현황 / paragraph] [키워드: 임원현황, I. 회사의 개요 > 2. 회사의 연혁, 주요 사업, 사업 개요, 제품, 서비스, 사업 부문, 표 설명 문맥, 문단] 가. 회사의 본점소재지 및 그 변경 당사의 본점소재지는 경기도 수원시 영통구 삼성로 129(매탄...

III. 재무에 관한 사항 > 3. 연결재무제표 주석 [table / seed] [회사: 삼성전자] [연도: 2024] [보고서: 사업보고서] [섹션: III. 재무에 관한 사항 > 3. 연결재무제표 주석] [분류: 연결재무제표 / table] [키워드: 연결재무제표, III. 재무에 관한 사항 > 3. 연결재무제표 주석, 매출, 연결 기준, 재무, 손익, 영업이익, 매출액, 표 설명 문맥, 표] 가. 당기 및 전기 중 관계기업 및 공동기업 투자의 변동 내역은 다음...

III. 재무에 관한 사항 > 5. 재무제표 주석 [table / seed] [회사: 삼성전자] [연도: 2024] [보고서: 사업보고서] [섹션: III. 재무에 관한 사항 > 5. 재무제표 주석] [분류: 재무주석 / table] [키워드: 재무주석, III. 재무에 관한 사항 > 5. 재무제표 주석, 매출, 연결 기준, 재무, 손익, 영업이익, 매출액, 표 설명 문맥, 표] 가. 당기 및 전기 중 종속기업, 관계기업 및 공동기업 투자의 변동 내역은 다음과...",[삼성전자] 2024년 사업보고서 / II. 사업의 내용 > 1. 사업의 개요 / paragraph (score: 1.167) | [삼성전자] 2024년 사업보고서 / I. 회사의 개요 > 1. 회사의 개요 / paragraph (score: 0.829) | [삼성전자] 2024년 사업보고서 / I. 회사의 개요 > 5. 정관에 관한 사항 / paragraph (score: 0.826) | [삼성전자] 2024년 사업보고서 / I. 회사의 개요 > 4. 주식의 총수 등 / table (score: 0.825) | [삼성전자] 2024년 사업보고서 / II. 사업의 내용 > 4. 매출 및 수주상황 / paragraph (score: 0.822) | [삼성전자] 2024년 사업보고서 / I. 회사의 개요 > 2. 회사의 연혁 / paragraph (score: 0.817) | [삼성전자] 2024년 사업보고서 / III. 재무에 관한 사항 > 3. 연결재무제표 주석 / table (score: 0.817) | [삼성전자] 2024년 사업보고서 / III. 재무에 관한 사항 > 5. 재무제표 주석 / table (score: 0.817),business_overview,business_overview,mixed,llm_fallback,0.9093804431382557,"{""risk"": 0.9094, ""business_overview"": 0.8172, ""comparison"": 0.6536, ""numeric_fact"": 0.623, ""qa"": 0.6167, ""trend"": 0.4515}",1.0,1.0,,0.5279055441903485,1.0,1.0,1.0,1.0,0.3333333333333333,0.2,0.125,0.6666666666666666,,1.0,"질문이 요구한 삼성전자의 주요 사업 부문과 각 부문에서 영위하는 사업 내용을 빠짐없이, 이해하기 쉬운 완전한 문장으로 설명했습니다.",1.0,,,,,,,,,,
plain_prefix_2500_320,business_overview_003,business_overview,삼성전자는 몇 개의 종속기업으로 구성된 글로벌 전자 기업이라고 설명하나요?,"삼성전자는 본사를 거점으로 DX·DS 지역총괄과 SDC, Harman 산하 종속기업 등을 포함한 228개의 종속기업으로 구성된 글로벌 전자 기업이라고 설명한다.",사업개요,"II. 사업의 내용 > 1. 사업의 개요: 당사는 본사를 거점으로 한국과 DX 부문 산하 해외 9개 지역총괄 및 DS 부문 산하 해외 5개 지역총괄의 생산ㆍ판매법인, SDC 및 Harman 산하 종속기업 등 228개의 종속기업으로 구성된 글로벌 전자 기업입니다.","ev_001 | direct | high | [삼성전자 | 2024 | II. 사업의 내용 > 1. 사업의 개요] | section=II. 사업의 내용 > 1. 사업의 개요 | claim=삼성전자는 본사를 거점으로 한국과 DX 부문 산하 해외 9개 지역총괄 및 DS 부문 산하 해외 5개 지역총괄의 생산ㆍ판매법인, SDC 및 Harman 산하 종속기업 등 228개의 종속기업으로 구성된 글로벌 전자 기업입니다. | quote=당사는 본사를 거점으로 한국과 DX 부문 산하 해외 9개 지역총괄 및 DS 부문 산하 해외 5개 지역총괄의 생산ㆍ판매법인, SDC 및 Harman 산하 종속기업 등 228개의 종속기업으로 구성된 글로벌 전자 기업입니다.",ev_001,삼성전자는 228개의 종속기업으로 구성된 글로벌 전자 기업입니다.,ev_001,,,keep | 삼성전자는 228개의 종속기업으로 구성된 글로벌 전자 기업입니다. | reason=The sentence is directly supported by the evidence. | claims=ev_001,삼성전자는 228개의 종속기업으로 구성된 글로벌 전자 기업입니다.,삼성전자/2024/II. 사업의 내용 > 1. 사업의 개요 | 삼성전자/2024/I. 회사의 개요 > 1. 회사의 개요 | 삼성전자/2024/XII. 상세표 > 2. 계열회사 현황(상세),"II. 사업의 내용 > 1. 사업의 개요 [paragraph / seed] [회사: 삼성전자] [연도: 2024] [보고서: 사업보고서] [섹션: II. 사업의 내용 > 1. 사업의 개요] [분류: 사업개요 / paragraph] [키워드: 사업개요, II. 사업의 내용 > 1. 사업의 개요, 주요 사업, 사업 개요, 제품, 서비스, 사업 부문, 문단] 당사는 본사를 거점으로 한국과 DX 부문 산하 해외 9개 지역총괄 및 DS 부문 산하 해외 5개 지역총괄의...

I. 회사의 개요 > 1. 회사의 개요 [paragraph / seed] [회사: 삼성전자] [연도: 2024] [보고서: 사업보고서] [섹션: I. 회사의 개요 > 1. 회사의 개요] [분류: 회사개요 / paragraph] [키워드: 회사개요, I. 회사의 개요 > 1. 회사의 개요, 주요 사업, 사업 개요, 제품, 서비스, 사업 부문, 표 설명 문맥, 문단] 가. 회사의 법적ㆍ상업적 명칭 당사의 명칭은 삼성전자주식회사이고 영문명은 Samsung Elec...

XII. 상세표 > 2. 계열회사 현황(상세) [paragraph / seed] [회사: 삼성전자] [연도: 2024] [보고서: 사업보고서] [섹션: XII. 상세표 > 2. 계열회사 현황(상세)] [분류: 계열회사 / paragraph] [키워드: 계열회사, XII. 상세표 > 2. 계열회사 현황(상세), 표 설명 문맥, 문단] 가. 국내 계열회사 현황 2024년말 현재 삼성그룹에는 전년말과 동일한 63개의 국내 계열회사가 있습니다. 이 중 상장사는 당사를 포함...

IX. 계열회사 등에 관한 사항 [table / seed] [회사: 삼성전자] [연도: 2024] [보고서: 사업보고서] [섹션: IX. 계열회사 등에 관한 사항] [분류: 계열회사 / table] [키워드: 계열회사, IX. 계열회사 등에 관한 사항, 표 설명 문맥, 표] 1. 계열회사의 현황 가. 기업집단에 소속된 회사(요약) 당사는「독점규제 및 공정거래에 관한 법률」상 삼성그룹에 속한 계열회사로서, 2024년말 현재 삼성그룹에는 전년말과...

IX. 계열회사 등에 관한 사항 [table / seed] [회사: 삼성전자] [연도: 2024] [보고서: 사업보고서] [섹션: IX. 계열회사 등에 관한 사항] [분류: 계열회사 / table] [키워드: 계열회사, IX. 계열회사 등에 관한 사항, 표 설명 문맥, 표] 피출자회사 ＼ 출자회사 | 수원삼성축구단(주) | 스테코(주) | 신라에이치엠(주) | 에스디플렉스(주) | 에스비티엠(주) | 에스원씨알엠(주) | 에스유머티리얼스(주)...

XII. 상세표 > 1. 연결대상 종속회사 현황(상세) [table / seed] [회사: 삼성전자] [연도: 2024] [보고서: 사업보고서] [섹션: XII. 상세표 > 1. 연결대상 종속회사 현황(상세)] [분류: 기타공시 / table] [키워드: 기타공시, XII. 상세표 > 1. 연결대상 종속회사 현황(상세), 표 설명 문맥, 표] 당사의 연결대상 종속기업은 2024년말 현재 228개사입니다. 전년말 대비 6개 기업이 증가하고 10개 기업이 감소하였습니다....

III. 재무에 관한 사항 > 3. 연결재무제표 주석 [table / seed] [회사: 삼성전자] [연도: 2024] [보고서: 사업보고서] [섹션: III. 재무에 관한 사항 > 3. 연결재무제표 주석] [분류: 연결재무제표 / table] [키워드: 연결재무제표, III. 재무에 관한 사항 > 3. 연결재무제표 주석, 매출, 연결 기준, 재무, 손익, 영업이익, 매출액, 표 설명 문맥, 표] 가. 연결회사의 개요 삼성전자주식회사(이하 ""회사"")는 1969년 대...

III. 재무에 관한 사항 > 5. 재무제표 주석 [table / seed] [회사: 삼성전자] [연도: 2024] [보고서: 사업보고서] [섹션: III. 재무에 관한 사항 > 5. 재무제표 주석] [분류: 재무주석 / table] [키워드: 재무주석, III. 재무에 관한 사항 > 5. 재무제표 주석, 매출, 연결 기준, 재무, 손익, 영업이익, 매출액, 표] 가. 당기 및 전기 중 종속기업, 관계기업 및 공동기업 투자의 변동 내역은 다음과 같습니다. 삼성바...",[삼성전자] 2024년 사업보고서 / II. 사업의 내용 > 1. 사업의 개요 / paragraph (score: 0.723) | [삼성전자] 2024년 사업보고서 / I. 회사의 개요 > 1. 회사의 개요 / paragraph (score: 0.581) | [삼성전자] 2024년 사업보고서 / XII. 상세표 > 2. 계열회사 현황(상세) / paragraph (score: 0.579) | [삼성전자] 2024년 사업보고서 / IX. 계열회사 등에 관한 사항 / table (score: 0.579) | [삼성전자] 2024년 사업보고서 / IX. 계열회사 등에 관한 사항 / table (score: 0.578) | [삼성전자] 2024년 사업보고서 / XII. 상세표 > 1. 연결대상 종속회사 현황(상세) / table (score: 0.578) | [삼성전자] 2024년 사업보고서 / III. 재무에 관한 사항 > 3. 연결재무제표 주석 / table (score: 0.577) | [삼성전자] 2024년 사업보고서 / III. 재무에 관한 사항 > 5. 재무제표 주석 / table (score: 0.577),business_overview,business_overview,mixed,semantic_fast_path,0.9999999999999469,"{""business_overview"": 1.0, ""numeric_fact"": 0.611, ""risk"": 0.5981, ""comparison"": 0.5843, ""qa"": 0.5779, ""trend"": 0.36}",1.0,1.0,,0.6348837337070378,1.0,1.0,1.0,1.0,0.3333333333333333,0.2,0.125,0.6666666666666666,,0.7,"핵심 정보인 종속기업의 수는 정확히 제시되었으나, 정답 기준에 포함된 종속기업의 구체적인 예시(DX·DS, SDC, Harman 등)가 답변에서 누락되어 설명이 다소 불충분합니다.",1.0,,,,,,0.0,,,,
plain_prefix_2500_320,risk_analysis_001,risk_analysis,삼성전자 2024 사업보고서에서 주요 재무 리스크는 무엇인가요?,"사업보고서는 시장위험, 신용위험, 유동성위험을 핵심 재무위험으로 제시하고, 시장위험 중에서는 환율변동위험을 상세히 설명한다.",위험관리 및 파생거래,"II. 사업의 내용 > 5. 위험관리 및 파생거래: 당사는 영업활동에서 파생되는 시장위험, 신용위험, 유동성위험 등을 최소화하는데 중점을 두고 재무위험을 관리하고 있으며, 이를 위해 각각의 위험요인에 대해 면밀하게 모니터링 및 대응하고 있습니다.

II. 사업의 내용 > 5. 위험관리 및 파생거래: 당사는 글로벌 영업활동을 수행함에 따라 기능통화와 다른 통화로도 거래를 하고 있어 환율변동위험에 노출되어 있습니다.

II. 사업의 내용 > 5. 위험관리 및 파생거래: 신용위험은 통상적인 거래 및 투자 활동에서 발생하며 고객 또는 거래상대방이 계약조건상 의무사항을 지키지 못하였을 때 발생합니다.

II. 사업의 내용 > 5. 위험관리 및 파생거래: 유동성위험이란 당사가 금융부채와 관련된 모든 의무를 이행하는 데 어려움을 겪게 될 위험을 의미합니다.","ev_001 | partial | high | [삼성전자 | 2024 | IV. 이사의 경영진단 및 분석의견] | section=IV. 이사의 경영진단 및 분석의견 | claim=삼성전자는 환율 변동 리스크를 포함한 시장위험을 관리하기 위해 통화선도 상품을 활용한다. | quote=환율 변동 리스크 관리를 위하여 해외법인은 기능통화가 아닌 외화 포지션에대하여 통화선도(Currency Forward) 상품을 매매하여 헷지하고 있습니다.

ev_002 | direct | high | [삼성전자 | 2024 | IV. 이사의 경영진단 및 분석의견] | section=IV. 이사의 경영진단 및 분석의견 | claim=기업회계기준서 개정에 따라 유동성위험 집중도에 대한 익스포저와 관련한 정보를 공시해야 한다. | quote=유동성위험 집중도에 대한 익스포저와 관련한 정보를 공시하도록 하는 요구사항의 예로 공급자금융약정을 추가하였습니다.",ev_002 | ev_001,"유동성위험

시장위험

환율 변동 리스크",ev_001,ev_002,"삼성전자 2024 사업보고서에서 언급된 주요 재무 리스크는 다음과 같습니다.

* 유동성위험 (삼성전자 | 2024 | IV. 이사의 경영진단 및 분석의견)

* 시장위험 (삼성전자 | 2024 | IV. 이사의 경영진단 및 분석의견)","drop_unsupported | 삼성전자 2024 사업보고서에서 언급된 주요 재무 리스크는 다음과 같습니다. | reason=Introduces the list of risks supported by evidence.

drop_overextended | * 유동성위험 (삼성전자 | 2024 | IV. 이사의 경영진단 및 분석의견) | reason=Directly supported by evidence ev_002. | claims=ev_002

drop_overextended | * 시장위험 (삼성전자 | 2024 | IV. 이사의 경영진단 및 분석의견) | reason=Directly supported by evidence ev_001. | claims=ev_001

keep | * 환율 변동 리스크 (삼성전자 | 2024 | IV. 이사의 경영진단 및 분석의견) | reason=Directly supported by evidence ev_001. | claims=ev_001",* 환율 변동 리스크 (삼성전자 | 2024 | IV. 이사의 경영진단 및 분석의견),삼성전자/2024/II. 사업의 내용 > 5. 위험관리 및 파생거래 | 삼성전자/2024/IV. 이사의 경영진단 및 분석의견 | 삼성전자/2024/I. 회사의 개요 > 5. 정관에 관한 사항,"II. 사업의 내용 > 5. 위험관리 및 파생거래 [paragraph / seed] [회사: 삼성전자] [연도: 2024] [보고서: 사업보고서] [섹션: II. 사업의 내용 > 5. 위험관리 및 파생거래] [분류: 리스크 / paragraph] [키워드: 리스크, II. 사업의 내용 > 5. 위험관리 및 파생거래, 재무 리스크, 위험관리, 시장위험, 신용위험, 유동성위험, 문단] 그리고 당사는 레인보우로보틱스㈜ 및 그 최대주주 등과 체결한 주주간 계약에 따라,일정 기...

IV. 이사의 경영진단 및 분석의견 [paragraph / seed] [회사: 삼성전자] [연도: 2024] [보고서: 사업보고서] [섹션: IV. 이사의 경영진단 및 분석의견] [분류: 경영진단 / paragraph] [키워드: 경영진단, IV. 이사의 경영진단 및 분석의견, 문단] 가. 중요한 회계정책 및 추정에 관한 사항 당사는 2024년 1월 1일로 개시하는 회계기간부터 다음의 주요 제ㆍ개정 기준서를 신규로 적용하였습니다. - 기업회계기준서 제10...

I. 회사의 개요 > 5. 정관에 관한 사항 [paragraph / seed] [회사: 삼성전자] [연도: 2024] [보고서: 사업보고서] [섹션: I. 회사의 개요 > 5. 정관에 관한 사항] [분류: 기타 / paragraph] [키워드: 기타, I. 회사의 개요 > 5. 정관에 관한 사항, 주요 사업, 사업 개요, 제품, 서비스, 사업 부문, 표 설명 문맥, 문단] 가. 정관 이력 당사는 제55기 정기주주총회(2024년 3월 20일)에서 정관 일부를 변경하...

III. 재무에 관한 사항 > 5. 재무제표 주석 [table / seed] [회사: 삼성전자] [연도: 2024] [보고서: 사업보고서] [섹션: III. 재무에 관한 사항 > 5. 재무제표 주석] [분류: 재무주석 / table] [키워드: 재무주석, III. 재무에 관한 사항 > 5. 재무제표 주석, 매출, 연결 기준, 재무, 손익, 영업이익, 매출액, 표 설명 문맥, 표] 평가전금액 | 재고자산 평가충당금 | 장부금액 합계

III. 재무에 관한 사항 > 5. 재무제표 주석 [table / seed] [회사: 삼성전자] [연도: 2024] [보고서: 사업보고서] [섹션: III. 재무에 관한 사항 > 5. 재무제표 주석] [분류: 재무주석 / table] [키워드: 재무주석, III. 재무에 관한 사항 > 5. 재무제표 주석, 매출, 연결 기준, 재무, 손익, 영업이익, 매출액, 표] 가. 보고기간종료일 현재 종속기업의 현황은 다음과 같습니다. (*) 종속기업 보유 지분율을 포함한...

III. 재무에 관한 사항 > 5. 재무제표 주석 [table / seed] [회사: 삼성전자] [연도: 2024] [보고서: 사업보고서] [섹션: III. 재무에 관한 사항 > 5. 재무제표 주석] [분류: 재무주석 / table] [키워드: 재무주석, III. 재무에 관한 사항 > 5. 재무제표 주석, 매출, 연결 기준, 재무, 손익, 영업이익, 매출액, 표] 가. 보고기간종료일 현재 종속기업의 현황은 다음과 같습니다. 삼성디스플레이㈜ 디스플레이 패널 생산...

III. 재무에 관한 사항 > 3. 연결재무제표 주석 [table / seed] [회사: 삼성전자] [연도: 2024] [보고서: 사업보고서] [섹션: III. 재무에 관한 사항 > 3. 연결재무제표 주석] [분류: 연결재무제표 / table] [키워드: 연결재무제표, III. 재무에 관한 사항 > 3. 연결재무제표 주석, 매출, 연결 기준, 재무, 손익, 영업이익, 매출액, 표 설명 문맥, 표] 가. 연결회사의 개요 삼성전자주식회사(이하 ""회사"")는 1969년 대...

III. 재무에 관한 사항 > 1. 요약재무정보 [paragraph / seed] [회사: 삼성전자] [연도: 2024] [보고서: 사업보고서] [섹션: III. 재무에 관한 사항 > 1. 요약재무정보] [분류: 요약재무 / paragraph] [키워드: 요약재무, III. 재무에 관한 사항 > 1. 요약재무정보, 표 설명 문맥, 문단] 가. 요약연결재무정보 (단위 : 백만원)",[삼성전자] 2024년 사업보고서 / II. 사업의 내용 > 5. 위험관리 및 파생거래 / paragraph (score: 1.196) | [삼성전자] 2024년 사업보고서 / IV. 이사의 경영진단 및 분석의견 / paragraph (score: 0.824) | [삼성전자] 2024년 사업보고서 / I. 회사의 개요 > 5. 정관에 관한 사항 / paragraph (score: 0.822) | [삼성전자] 2024년 사업보고서 / III. 재무에 관한 사항 > 5. 재무제표 주석 / table (score: 0.748) | [삼성전자] 2024년 사업보고서 / III. 재무에 관한 사항 > 5. 재무제표 주석 / table (score: 0.747) | [삼성전자] 2024년 사업보고서 / III. 재무에 관한 사항 > 5. 재무제표 주석 / table (score: 0.747) | [삼성전자] 2024년 사업보고서 / III. 재무에 관한 사항 > 3. 연결재무제표 주석 / table (score: 0.746) | [삼성전자] 2024년 사업보고서 / III. 재무에 관한 사항 > 1. 요약재무정보 / paragraph (score: 0.625),risk,risk,paragraph,semantic_fast_path,0.9999999999999011,"{""risk"": 1.0, ""business_overview"": 0.7604, ""numeric_fact"": 0.6405, ""comparison"": 0.6284, ""qa"": 0.586, ""trend"": 0.5018}",1.0,1.0,,0.5272658767902306,0.0,1.0,1.0,1.0,0.3333333333333333,0.2,0.125,1.0,,0.3,"질문은 '주요 재무 리스크'를 복수로 물었으나, 답변은 시장위험, 신용위험, 유동성위험 중 시장위험의 하위 항목인 환율 변동 리스크 하나만 언급하여 핵심 요소가 크게 누락되었습니다.",1.0,,,,,,,,,,
contextual_selective_v2_prefix_2500_320,numeric_fact_001,numeric_fact,삼성전자 2024 사업보고서에서 연결 기준 매출액은 얼마인가요?,"2024년 삼성전자의 연결 기준 매출은 300조 8,709억원이며 전년 대비 16.2% 증가했다.",매출현황 | 재무제표 | 요약재무,"II. 사업의 내용 > 4. 매출 및 수주상황: 2024년 매출은 300조 8,709억원으로 전년 동기 대비 16.2% 증가하였습니다.","ev_001 | direct | high | [삼성전자 | 2024 | III. 재무에 관한 사항 > 2. 연결재무제표] | section=III. 재무에 관한 사항 > 2. 연결재무제표 | claim=3,008,709 (억원) | quote=3,008,709",ev_001,"삼성전자 2024년 연결 기준 매출액은 3,008,709억원입니다.",ev_001,,,,"삼성전자 2024년 연결 기준 매출액은 3,008,709억원입니다.",삼성전자/2024/III. 재무에 관한 사항 > 2. 연결재무제표 | 삼성전자/2024/III. 재무에 관한 사항 > 3. 연결재무제표 주석 | 삼성전자/2024/III. 재무에 관한 사항 > 3. 연결재무제표 주석,"III. 재무에 관한 사항 > 2. 연결재무제표 [table / seed] 기업의 자본 구성과 연도별 변동을 상세히 보여주는 재무 정보입니다. [회사: 삼성전자] [연도: 2024] [보고서: 사업보고서] [섹션: III. 재무에 관한 사항 > 2. 연결재무제표] [분류: 연결재무제표 / table] [키워드: 연결재무제표, III. 재무에 관한 사항 > 2. 연결재무제표, 매출, 연결 기준, 재무, 손익, 영업이익, 매출액, 표 설명 문맥, 표] 제 56 기...

III. 재무에 관한 사항 > 3. 연결재무제표 주석 [table / seed] [회사: 삼성전자] [연도: 2024] [보고서: 사업보고서] [섹션: III. 재무에 관한 사항 > 3. 연결재무제표 주석] [분류: 연결재무제표 / table] [키워드: 연결재무제표, III. 재무에 관한 사항 > 3. 연결재무제표 주석, 매출, 연결 기준, 재무, 손익, 영업이익, 매출액, 표] 가. 당기 및 전기 중 관계기업 및 공동기업 투자의 변동 내역은 다음과 같습니다. 삼...

III. 재무에 관한 사항 > 3. 연결재무제표 주석 [table / seed] [회사: 삼성전자] [연도: 2024] [보고서: 사업보고서] [섹션: III. 재무에 관한 사항 > 3. 연결재무제표 주석] [분류: 연결재무제표 / table] [키워드: 연결재무제표, III. 재무에 관한 사항 > 3. 연결재무제표 주석, 매출, 연결 기준, 재무, 손익, 영업이익, 매출액, 표] 가. 연결회사의 개요 Samsung Electronics Hong Kong Co.,...

III. 재무에 관한 사항 > 3. 연결재무제표 주석 [table / seed] 관계기업 및 공동기업 투자 현황과 손익 변동을 설명합니다. [회사: 삼성전자] [연도: 2024] [보고서: 사업보고서] [섹션: III. 재무에 관한 사항 > 3. 연결재무제표 주석] [분류: 연결재무제표 / table] [키워드: 연결재무제표, III. 재무에 관한 사항 > 3. 연결재무제표 주석, 매출, 연결 기준, 재무, 손익, 영업이익, 매출액, 표] 가. 당기 및 전기 중 관...

III. 재무에 관한 사항 > 3. 연결재무제표 주석 [table / seed] 연결재무제표상 관계기업 및 공동기업 투자의 변동과 현황을 상세히 설명한다. [회사: 삼성전자] [연도: 2024] [보고서: 사업보고서] [섹션: III. 재무에 관한 사항 > 3. 연결재무제표 주석] [분류: 연결재무제표 / table] [키워드: 연결재무제표, III. 재무에 관한 사항 > 3. 연결재무제표 주석, 매출, 연결 기준, 재무, 손익, 영업이익, 매출액, 표 설명 문맥,...

III. 재무에 관한 사항 > 3. 연결재무제표 주석 [table / seed] [회사: 삼성전자] [연도: 2024] [보고서: 사업보고서] [섹션: III. 재무에 관한 사항 > 3. 연결재무제표 주석] [분류: 연결재무제표 / table] [키워드: 연결재무제표, III. 재무에 관한 사항 > 3. 연결재무제표 주석, 매출, 연결 기준, 재무, 손익, 영업이익, 매출액, 표] 가. 당기 및 전기 중 관계기업 및 공동기업 투자의 변동 내역은 다음과 같습니다. 순...

II. 사업의 내용 > 4. 매출 및 수주상황 [paragraph / seed] 주요 매출처, 매출 비중, 수주 현황으로 매출 구조를 설명한다. [회사: 삼성전자] [연도: 2024] [보고서: 사업보고서] [섹션: II. 사업의 내용 > 4. 매출 및 수주상황] [분류: 매출현황 / paragraph] [키워드: 매출현황, II. 사업의 내용 > 4. 매출 및 수주상황, 매출, 연결 기준, 재무, 손익, 영업이익, 매출액, 문단] 2024년 당사의 주요 매출처로는...

X. 대주주 등과의 거래내용 [paragraph / seed] [회사: 삼성전자] [연도: 2024] [보고서: 사업보고서] [섹션: X. 대주주 등과의 거래내용] [분류: 대주주거래 / paragraph] [키워드: 대주주거래, X. 대주주 등과의 거래내용, 표 설명 문맥, 문단] 1. 대주주 등에 대한 신용공여 등 당사는 2024년말 현재 Samsung Electronics America, Inc. (SEA) 등 해외종속법인의 유연한 자금조달을...",[삼성전자] 2024년 사업보고서 / III. 재무에 관한 사항 > 2. 연결재무제표 / table (score: 1.084) | [삼성전자] 2024년 사업보고서 / III. 재무에 관한 사항 > 3. 연결재무제표 주석 / table (score: 0.970) | [삼성전자] 2024년 사업보고서 / III. 재무에 관한 사항 > 3. 연결재무제표 주석 / table (score: 0.969) | [삼성전자] 2024년 사업보고서 / III. 재무에 관한 사항 > 3. 연결재무제표 주석 / table (score: 0.965) | [삼성전자] 2024년 사업보고서 / III. 재무에 관한 사항 > 3. 연결재무제표 주석 / table (score: 0.965) | [삼성전자] 2024년 사업보고서 / III. 재무에 관한 사항 > 3. 연결재무제표 주석 / table (score: 0.962) | [삼성전자] 2024년 사업보고서 / II. 사업의 내용 > 4. 매출 및 수주상황 / paragraph (score: 0.864) | [삼성전자] 2024년 사업보고서 / X. 대주주 등과의 거래내용 / paragraph (score: 0.581),numeric_fact,numeric_fact,table,semantic_fast_path,0.9093973450268782,"{""numeric_fact"": 0.9094, ""risk"": 0.7769, ""comparison"": 0.6928, ""business_overview"": 0.6346, ""qa"": 0.5183, ""trend"": 0.4995}",0.0,1.0,numeric evaluator PASS (equivalence/grounding/retrieval_support 모두 1.0)로 faithfulness를 1.0으로 보정,0.7423176601196022,0.0,1.0,1.0,1.0,1.0,1.0,0.875,1.0,,0.7,"답변은 질문에서 요구한 핵심 정보인 연결 기준 매출액을 정확하게 제시했습니다. 하지만 '정답 기준 요약'에 포함된 전년 대비 증감률 정보(16.2% 증가)가 답변에 누락되어 있어, 질문 의도에 비해 '친절하고 충분한' 설명이라는 측면에서 일부 맥락이 빠졌다고 볼 수 있습니다.",1.0,1.0,1.0,1.0,PASS,1.0,0.0,,,,
contextual_selective_v2_prefix_2500_320,business_overview_001,business_overview,삼성전자 2024 사업보고서에서 회사가 영위하는 주요 사업은 무엇인가요?,"삼성전자는 DX 부문에서 TV·모니터·가전·스마트폰·네트워크시스템·PC를, DS 부문에서 DRAM·NAND Flash·모바일 AP를, SDC에서 스마트폰용 OLED 패널을, Harman에서 디지털 콕핏·카오디오·소비자 오디오 제품을 생산·판매한다.",사업개요,"II. 사업의 내용 > 1. 사업의 개요: 사업별로 보면, Set 사업은 DX(Device eXperience) 부문이 TV를 비롯하여 모니터, 냉장고, 세탁기, 에어컨, 스마트폰, 네트워크시스템, PC 등을 생산ㆍ판매하며, 부품 사업은 DS(Device Solutions) 부문에서 DRAM, NAND Flash, 모바일AP 등의 제품을 생산ㆍ판매하고, SDC가 스마트폰용 OLED 패널 등을 생산ㆍ판매하고 있습니다. 또한, Harman에서는 디지털 콕핏(Digital Cockpit), 카오디오 등 전장제품과 포터블/사운드바 스피커 등 소비자오디오 제품 등을 생산ㆍ판매하고 있습니다.","ev_001 | direct | high | [삼성전자 | 2024 | I. 회사의 개요 > 1. 회사의 개요] | section=I. 회사의 개요 > 1. 회사의 개요 | claim=삼성전자는 DX(Device eXperience), DS(Device Solutions) 2개의 부문과 패널 사업을 영위하는 SDC, 전장부품사업 등을 영위하는 Harman으로 나누어 주요 사업을 경영하고 있습니다. | quote=당사는 제품의 특성에 따라 DX(Device eXperience), DS(Device Solutions) 2개의 부문과 패널 사업을 영위하는 SDC(삼성디스플레이㈜ 및 그 종속기업), 전장부품사업 등을 영위하는 Harman(Harman International Industries, Inc. 및 그 종속기업)으로 나누어 경영을 하고 있습니다.

ev_002 | direct | high | [삼성전자 | 2024 | I. 회사의 개요 > 1. 회사의 개요] | section=I. 회사의 개요 > 1. 회사의 개요 | claim=DX 부문은 TV, 모니터, 냉장고, 세탁기, 에어컨, 스마트폰, 네트워크시스템, PC 등을 생산 및 판매합니다. | quote=DX 부문 | TV, 모니터, 냉장고, 세탁기, 에어컨,스마트폰, 네트워크시스템, PC 등

ev_003 | direct | high | [삼성전자 | 2024 | I. 회사의 개요 > 1. 회사의 개요] | section=I. 회사의 개요 > 1. 회사의 개요 | claim=DS 부문은 DRAM, NAND Flash 등 메모리 반도체 사업, 모바일AP, 카메라 센서칩 등을 설계ㆍ판매하는 System LSI 사업, 그리고 반도체 제조 위탁 생산을 하는 Foundry 사업 등으로 구성됩니다. | quote=DS 부문은 DRAM, NAND Flash 등 제품을 생산ㆍ판매하는 메모리 반도체 사업과 모바일AP, 카메라 센서칩 등을 설계ㆍ판매하는 System LSI 사업, 반도체 제조 위탁 생산을 하는 Foundry 사업 등으로 구성되어 있습니다.

ev_004 | direct | high | [삼성전자 | 2024 | I. 회사의 개요 > 1. 회사의 개요] | section=I. 회사의 개요 > 1. 회사의 개요 | claim=SDC는 스마트폰용 OLED 패널을 포함한 중소형 및 대형 디스플레이 패널 사업을 영위합니다. | quote=SDC의 중소형 디스플레이 패널 사업은 차별화된 기술을 바탕으로 OLED 패널의 점유율을 확대하는 한편 폴더블ㆍIT(태블릿/노트북)ㆍAuto 등 다양한 응용처의 제품 출시를 통해 시장 영역을 넓혀 나가고 있습니다. 또한, 대형 디스플레이 패널 사업은 고화질, 초대형, 퀀텀닷(Quantum Dot) 등 프리미엄 제품 중심으로 사업을 특화하고,기술 및 생산성 향상을 지속 추진하여 사업 경쟁력을 제고하고 있습니다.

ev_005 | direct | high | [삼성전자 | 2024 | I. 회사의 개요 > 1. 회사의 개요] | section=I. 회사의 개요 > 1. 회사의 개요 | claim=Harman은 커넥티드카 제품 및 솔루션 등을 개발 및 공급하는 전장부품 사업과 일반 오디오 제품 및 프로페셔널 오디오 솔루션을 제공하는 라이프스타일 오디오 사업을 운영합니다. | quote=Harman은 커넥티드카 제품 및 솔루션 등을 개발 및 공급하는 전장부품 사업과 일반 오디오 제품 및 프로페셔널 오디오 솔루션을 제공하는 라이프스타일 오디오 사업을 운영하고 있습니다.",ev_001 | ev_002 | ev_003 | ev_004 | ev_005,"삼성전자는 DX(Device eXperience), DS(Device Solutions) 2개의 부문과 패널 사업을 영위하는 SDC, 전장부품사업 등을 영위하는 Harman으로 나누어 주요 사업을 경영합니다.

DX 부문은 TV, 모니터, 냉장고, 세탁기, 에어컨, 스마트폰, 네트워크시스템, PC 등을 생산 및 판매합니다.

DS 부문은 DRAM, NAND Flash 등 메모리 반도체 사업, 모바일AP, 카메라 센서칩 등을 설계ㆍ판매하는 System LSI 사업, 그리고 반도체 제조 위탁 생산을 하는 Foundry 사업 등으로 구성됩니다.

SDC는 스마트폰용 OLED 패널을 포함한 중소형 및 대형 디스플레이 패널 사업을 영위합니다.

Harman은 커넥티드카 제품 및 솔루션 등을 개발 및 공급하는 전장부품 사업과 일반 오디오 제품 및 프로페셔널 오디오 솔루션을 제공하는 라이프스타일 오디오 사업을 운영합니다.",ev_001 | ev_002 | ev_003 | ev_004 | ev_005,,,"keep | 삼성전자는 DX(Device eXperience), DS(Device Solutions) 부문과 SDC, Harman으로 나누어 주요 사업을 경영합니다. | reason=제공된 근거(ev_001)에 의해 직접적으로 뒷받침됩니다. | claims=ev_001

keep | DX 부문은 TV, 스마트폰, 가전 등을, | reason=제공된 근거(ev_002)에 의해 뒷받침됩니다. '가전'은 냉장고, 세탁기, 에어컨 등을 포괄하는 표현입니다. | claims=ev_002

keep | DS 부문은 메모리 반도체, System LSI, Foundry 사업을 영위하며, | reason=제공된 근거(ev_003)에 의해 직접적으로 뒷받침됩니다. | claims=ev_003

keep | SDC는 디스플레이 패널 사업을, | reason=제공된 근거(ev_004)에 의해 직접적으로 뒷받침됩니다. | claims=ev_004

keep | Harman은 전장부품 및 라이프스타일 오디오 사업을 운영합니다. | reason=제공된 근거(ev_005)에 의해 직접적으로 뒷받침됩니다. | claims=ev_005","삼성전자는 DX(Device eXperience), DS(Device Solutions) 부문과 SDC, Harman으로 나누어 주요 사업을 경영합니다. DX 부문은 TV, 스마트폰, 가전 등을, DS 부문은 메모리 반도체, System LSI, Foundry 사업을 영위하며, SDC는 디스플레이 패널 사업을, Harman은 전장부품 및 라이프스타일 오디오 사업을 운영합니다.",삼성전자/2024/II. 사업의 내용 > 1. 사업의 개요 | 삼성전자/2024/I. 회사의 개요 > 1. 회사의 개요 | 삼성전자/2024/I. 회사의 개요 > 5. 정관에 관한 사항,"II. 사업의 내용 > 1. 사업의 개요 [paragraph / seed] [회사: 삼성전자] [연도: 2024] [보고서: 사업보고서] [섹션: II. 사업의 내용 > 1. 사업의 개요] [분류: 사업개요 / paragraph] [키워드: 사업개요, II. 사업의 내용 > 1. 사업의 개요, 주요 사업, 사업 개요, 제품, 서비스, 사업 부문, 문단] 당사는 본사를 거점으로 한국과 DX 부문 산하 해외 9개 지역총괄 및 DS 부문 산하 해외 5개 지역총괄의...

I. 회사의 개요 > 1. 회사의 개요 [paragraph / seed] [회사: 삼성전자] [연도: 2024] [보고서: 사업보고서] [섹션: I. 회사의 개요 > 1. 회사의 개요] [분류: 회사개요 / paragraph] [키워드: 회사개요, I. 회사의 개요 > 1. 회사의 개요, 주요 사업, 사업 개요, 제품, 서비스, 사업 부문, 표 설명 문맥, 문단] 가. 회사의 법적ㆍ상업적 명칭 당사의 명칭은 삼성전자주식회사이고 영문명은 Samsung Elec...

I. 회사의 개요 > 5. 정관에 관한 사항 [paragraph / seed] [회사: 삼성전자] [연도: 2024] [보고서: 사업보고서] [섹션: I. 회사의 개요 > 5. 정관에 관한 사항] [분류: 기타 / paragraph] [키워드: 기타, I. 회사의 개요 > 5. 정관에 관한 사항, 주요 사업, 사업 개요, 제품, 서비스, 사업 부문, 표 설명 문맥, 문단] 가. 정관 이력 당사는 제55기 정기주주총회(2024년 3월 20일)에서 정관 일부를 변경하...

XII. 상세표 > 1. 연결대상 종속회사 현황(상세) [table / seed] 연결재무제표의 기초가 되는 종속기업의 상세 현황을 공개합니다. [회사: 삼성전자] [연도: 2024] [보고서: 사업보고서] [섹션: XII. 상세표 > 1. 연결대상 종속회사 현황(상세)] [분류: 기타공시 / table] [키워드: 기타공시, XII. 상세표 > 1. 연결대상 종속회사 현황(상세), 표 설명 문맥, 표] 당사의 연결대상 종속기업은 2024년말 현재 228개사입니다....

IV. 이사의 경영진단 및 분석의견 [paragraph / seed] [회사: 삼성전자] [연도: 2024] [보고서: 사업보고서] [섹션: IV. 이사의 경영진단 및 분석의견] [분류: 경영진단 / paragraph] [키워드: 경영진단, IV. 이사의 경영진단 및 분석의견, 표 설명 문맥, 문단] 1. 예측정보에 대한 주의사항 본 자료는 미래에 대한 '예측정보'를 포함하고 있습니다.이는 과거가 아닌 미래의 사건과 관계된 것으로 회사의 향후 예상되는 경...

I. 회사의 개요 > 4. 주식의 총수 등 [table / seed] 표 내 델타(△) 기호가 음수 값임을 명시하여 데이터 해석을 돕습니다. [회사: 삼성전자] [연도: 2024] [보고서: 사업보고서] [섹션: I. 회사의 개요 > 4. 주식의 총수 등] [분류: 회사개요 / table] [키워드: 회사개요, I. 회사의 개요 > 4. 주식의 총수 등, 주요 사업, 사업 개요, 제품, 서비스, 사업 부문, 표 설명 문맥, 표] [△는 부(-)의 값임]

I. 회사의 개요 > 2. 회사의 연혁 [paragraph / seed] [회사: 삼성전자] [연도: 2024] [보고서: 사업보고서] [섹션: I. 회사의 개요 > 2. 회사의 연혁] [분류: 임원현황 / paragraph] [키워드: 임원현황, I. 회사의 개요 > 2. 회사의 연혁, 주요 사업, 사업 개요, 제품, 서비스, 사업 부문, 표 설명 문맥, 문단] 가. 회사의 본점소재지 및 그 변경 당사의 본점소재지는 경기도 수원시 영통구 삼성로 129(매탄...

III. 재무에 관한 사항 > 3. 연결재무제표 주석 [table / seed] 연결재무제표의 주체인 연결회사의 사업 개요를 설명한다. [회사: 삼성전자] [연도: 2024] [보고서: 사업보고서] [섹션: III. 재무에 관한 사항 > 3. 연결재무제표 주석] [분류: 연결재무제표 / table] [키워드: 연결재무제표, III. 재무에 관한 사항 > 3. 연결재무제표 주석, 매출, 연결 기준, 재무, 손익, 영업이익, 매출액, 표 설명 문맥, 표] 가. 연결회사...",[삼성전자] 2024년 사업보고서 / II. 사업의 내용 > 1. 사업의 개요 / paragraph (score: 1.168) | [삼성전자] 2024년 사업보고서 / I. 회사의 개요 > 1. 회사의 개요 / paragraph (score: 0.830) | [삼성전자] 2024년 사업보고서 / I. 회사의 개요 > 5. 정관에 관한 사항 / paragraph (score: 0.827) | [삼성전자] 2024년 사업보고서 / XII. 상세표 > 1. 연결대상 종속회사 현황(상세) / table (score: 0.825) | [삼성전자] 2024년 사업보고서 / IV. 이사의 경영진단 및 분석의견 / paragraph (score: 0.824) | [삼성전자] 2024년 사업보고서 / I. 회사의 개요 > 4. 주식의 총수 등 / table (score: 0.824) | [삼성전자] 2024년 사업보고서 / I. 회사의 개요 > 2. 회사의 연혁 / paragraph (score: 0.818) | [삼성전자] 2024년 사업보고서 / III. 재무에 관한 사항 > 3. 연결재무제표 주석 / table (score: 0.816),business_overview,business_overview,mixed,llm_fallback,0.9093804431382557,"{""risk"": 0.9094, ""business_overview"": 0.8172, ""comparison"": 0.6536, ""numeric_fact"": 0.623, ""qa"": 0.6167, ""trend"": 0.4515}",1.0,1.0,,0.5599735152234965,1.0,1.0,1.0,1.0,0.3333333333333333,0.2,0.125,0.6666666666666666,,0.7,"답변은 삼성전자의 주요 사업 부문을 잘 분류했지만, 각 부문에서 영위하는 사업의 구체적인 내용이 정답 기준 요약에 비해 부족합니다. 예를 들어, DX 부문에서 모니터, 네트워크시스템, PC가 누락되었고, SDC 사업은 '디스플레이 패널 사업'으로 너무 포괄적으로 설명되었습니다.",1.0,,,,,,,,,,
contextual_selective_v2_prefix_2500_320,business_overview_003,business_overview,삼성전자는 몇 개의 종속기업으로 구성된 글로벌 전자 기업이라고 설명하나요?,"삼성전자는 본사를 거점으로 DX·DS 지역총괄과 SDC, Harman 산하 종속기업 등을 포함한 228개의 종속기업으로 구성된 글로벌 전자 기업이라고 설명한다.",사업개요,"II. 사업의 내용 > 1. 사업의 개요: 당사는 본사를 거점으로 한국과 DX 부문 산하 해외 9개 지역총괄 및 DS 부문 산하 해외 5개 지역총괄의 생산ㆍ판매법인, SDC 및 Harman 산하 종속기업 등 228개의 종속기업으로 구성된 글로벌 전자 기업입니다.","ev_001 | direct | high | [삼성전자 | 2024 | II. 사업의 내용 > 1. 사업의 개요] | section=II. 사업의 내용 > 1. 사업의 개요 | claim=삼성전자는 본사를 거점으로 한국과 DX 부문 산하 해외 9개 지역총괄 및 DS 부문 산하 해외 5개 지역총괄의 생산ㆍ판매법인, SDC 및 Harman 산하 종속기업 등 228개의 종속기업으로 구성된 글로벌 전자 기업입니다. | quote=당사는 본사를 거점으로 한국과 DX 부문 산하 해외 9개 지역총괄 및 DS 부문 산하 해외 5개 지역총괄의 생산ㆍ판매법인, SDC 및 Harman 산하 종속기업 등 228개의 종속기업으로 구성된 글로벌 전자 기업입니다.",ev_001,삼성전자는 228개의 종속기업으로 구성된 글로벌 전자 기업이다.,ev_001,,,"keep | 삼성전자는 228개의 종속기업으로 구성된 글로벌 전자 기업입니다. | reason=The sentence is directly supported by the provided evidence, including the number of subsidiaries and the description as a global electronics company. | claims=ev_001",삼성전자는 228개의 종속기업으로 구성된 글로벌 전자 기업입니다.,삼성전자/2024/II. 사업의 내용 > 1. 사업의 개요 | 삼성전자/2024/I. 회사의 개요 > 1. 회사의 개요 | 삼성전자/2024/IX. 계열회사 등에 관한 사항,"II. 사업의 내용 > 1. 사업의 개요 [paragraph / seed] [회사: 삼성전자] [연도: 2024] [보고서: 사업보고서] [섹션: II. 사업의 내용 > 1. 사업의 개요] [분류: 사업개요 / paragraph] [키워드: 사업개요, II. 사업의 내용 > 1. 사업의 개요, 주요 사업, 사업 개요, 제품, 서비스, 사업 부문, 문단] 당사는 본사를 거점으로 한국과 DX 부문 산하 해외 9개 지역총괄 및 DS 부문 산하 해외 5개 지역총괄의...

I. 회사의 개요 > 1. 회사의 개요 [paragraph / seed] [회사: 삼성전자] [연도: 2024] [보고서: 사업보고서] [섹션: I. 회사의 개요 > 1. 회사의 개요] [분류: 회사개요 / paragraph] [키워드: 회사개요, I. 회사의 개요 > 1. 회사의 개요, 주요 사업, 사업 개요, 제품, 서비스, 사업 부문, 표 설명 문맥, 문단] 가. 회사의 법적ㆍ상업적 명칭 당사의 명칭은 삼성전자주식회사이고 영문명은 Samsung Elec...

IX. 계열회사 등에 관한 사항 [table / seed] 삼성그룹의 국내 계열사 현황 및 상호 출자 관계를 요약 설명합니다. [회사: 삼성전자] [연도: 2024] [보고서: 사업보고서] [섹션: IX. 계열회사 등에 관한 사항] [분류: 계열회사 / table] [키워드: 계열회사, IX. 계열회사 등에 관한 사항, 표 설명 문맥, 표] 1. 계열회사의 현황 가. 기업집단에 소속된 회사(요약) 당사는「독점규제 및 공정거래에 관한 법률」상 삼...

XII. 상세표 > 2. 계열회사 현황(상세) [paragraph / seed] [회사: 삼성전자] [연도: 2024] [보고서: 사업보고서] [섹션: XII. 상세표 > 2. 계열회사 현황(상세)] [분류: 계열회사 / paragraph] [키워드: 계열회사, XII. 상세표 > 2. 계열회사 현황(상세), 표 설명 문맥, 문단] 가. 국내 계열회사 현황 2024년말 현재 삼성그룹에는 전년말과 동일한 63개의 국내 계열회사가 있습니다. 이 중 상장사는 당사를 포함...

IX. 계열회사 등에 관한 사항 [table / seed] 계열회사 간 출자 현황과 지분율을 상세히 제시합니다. [회사: 삼성전자] [연도: 2024] [보고서: 사업보고서] [섹션: IX. 계열회사 등에 관한 사항] [분류: 계열회사 / table] [키워드: 계열회사, IX. 계열회사 등에 관한 사항, 표 설명 문맥, 표] 피출자회사 ＼ 출자회사 | 수원삼성축구단(주) | 스테코(주) | 신라에이치엠(주) | 에스디플렉스(주) | 에스비티엠...

III. 재무에 관한 사항 > 5. 재무제표 주석 [table / seed] [회사: 삼성전자] [연도: 2024] [보고서: 사업보고서] [섹션: III. 재무에 관한 사항 > 5. 재무제표 주석] [분류: 재무주석 / table] [키워드: 재무주석, III. 재무에 관한 사항 > 5. 재무제표 주석, 매출, 연결 기준, 재무, 손익, 영업이익, 매출액, 표] 가. 당기 및 전기 중 종속기업, 관계기업 및 공동기업 투자의 변동 내역은 다음과 같습니다. 삼성바...

III. 재무에 관한 사항 > 3. 연결재무제표 주석 [table / seed] [회사: 삼성전자] [연도: 2024] [보고서: 사업보고서] [섹션: III. 재무에 관한 사항 > 3. 연결재무제표 주석] [분류: 연결재무제표 / table] [키워드: 연결재무제표, III. 재무에 관한 사항 > 3. 연결재무제표 주석, 매출, 연결 기준, 재무, 손익, 영업이익, 매출액, 표] 가. 연결회사의 개요 Samsung Electronics Hong Kong Co.,...

III. 재무에 관한 사항 > 5. 재무제표 주석 [table / seed] [회사: 삼성전자] [연도: 2024] [보고서: 사업보고서] [섹션: III. 재무에 관한 사항 > 5. 재무제표 주석] [분류: 재무주석 / table] [키워드: 재무주석, III. 재무에 관한 사항 > 5. 재무제표 주석, 매출, 연결 기준, 재무, 손익, 영업이익, 매출액, 표] 가. 당기 및 전기 중 종속기업, 관계기업 및 공동기업 투자의 변동 내역은 다음과 같습니다. Sam...",[삼성전자] 2024년 사업보고서 / II. 사업의 내용 > 1. 사업의 개요 / paragraph (score: 0.723) | [삼성전자] 2024년 사업보고서 / I. 회사의 개요 > 1. 회사의 개요 / paragraph (score: 0.581) | [삼성전자] 2024년 사업보고서 / IX. 계열회사 등에 관한 사항 / table (score: 0.580) | [삼성전자] 2024년 사업보고서 / XII. 상세표 > 2. 계열회사 현황(상세) / paragraph (score: 0.579) | [삼성전자] 2024년 사업보고서 / IX. 계열회사 등에 관한 사항 / table (score: 0.577) | [삼성전자] 2024년 사업보고서 / III. 재무에 관한 사항 > 5. 재무제표 주석 / table (score: 0.576) | [삼성전자] 2024년 사업보고서 / III. 재무에 관한 사항 > 3. 연결재무제표 주석 / table (score: 0.576) | [삼성전자] 2024년 사업보고서 / III. 재무에 관한 사항 > 5. 재무제표 주석 / table (score: 0.575),business_overview,business_overview,mixed,semantic_fast_path,0.9999999999999469,"{""business_overview"": 1.0, ""numeric_fact"": 0.611, ""risk"": 0.5981, ""comparison"": 0.5843, ""qa"": 0.5779, ""trend"": 0.36}",1.0,1.0,,0.6348837337070378,1.0,1.0,1.0,1.0,0.3333333333333333,0.2,0.125,0.6666666666666666,,0.7,"핵심 정보인 종속기업의 수는 정확히 제시되었으나, 정답 기준에 포함된 종속기업의 구체적인 구성(DX·DS 지역총괄, SDC, Harman 등)에 대한 맥락 설명이 누락되어 설명이 다소 짧습니다.",1.0,,,,,,0.0,,,,
contextual_selective_v2_prefix_2500_320,risk_analysis_001,risk_analysis,삼성전자 2024 사업보고서에서 주요 재무 리스크는 무엇인가요?,"사업보고서는 시장위험, 신용위험, 유동성위험을 핵심 재무위험으로 제시하고, 시장위험 중에서는 환율변동위험을 상세히 설명한다.",위험관리 및 파생거래,"II. 사업의 내용 > 5. 위험관리 및 파생거래: 당사는 영업활동에서 파생되는 시장위험, 신용위험, 유동성위험 등을 최소화하는데 중점을 두고 재무위험을 관리하고 있으며, 이를 위해 각각의 위험요인에 대해 면밀하게 모니터링 및 대응하고 있습니다.

II. 사업의 내용 > 5. 위험관리 및 파생거래: 당사는 글로벌 영업활동을 수행함에 따라 기능통화와 다른 통화로도 거래를 하고 있어 환율변동위험에 노출되어 있습니다.

II. 사업의 내용 > 5. 위험관리 및 파생거래: 신용위험은 통상적인 거래 및 투자 활동에서 발생하며 고객 또는 거래상대방이 계약조건상 의무사항을 지키지 못하였을 때 발생합니다.

II. 사업의 내용 > 5. 위험관리 및 파생거래: 유동성위험이란 당사가 금융부채와 관련된 모든 의무를 이행하는 데 어려움을 겪게 될 위험을 의미합니다.","ev_001 | direct | high | [삼성전자 | 2024 | II. 사업의 내용 > 5. 위험관리 및 파생거래] | section=II. 사업의 내용 > 5. 위험관리 및 파생거래 | claim=삼성전자는 글로벌 영업활동으로 인해 기능통화와 다른 통화로 거래하며 USD, EUR 등의 환율변동위험에 노출되어 있습니다. | quote=당사는 글로벌 영업활동을 수행함에 따라 기능통화와 다른 통화로도 거래를 하고 있어 환율변동위험에 노출되어 있습니다. 환율변동위험에 노출되는 주요 통화로는 USD, EUR 등이 있습니다.

ev_002 | direct | high | [삼성전자 | 2024 | II. 사업의 내용 > 5. 위험관리 및 파생거래] | section=II. 사업의 내용 > 5. 위험관리 및 파생거래 | claim=삼성전자는 시장금리 변동으로 인한 이자수익 및 비용의 현금흐름 변동 위험인 이자율변동위험에 노출되어 있으며, 이는 주로 예금 및 변동금리부 차입금에서 발생합니다. | quote=이자율변동위험은 시장금리 변동으로 인해 투자 및 재무 활동으로부터 발생하는 이자수익, 비용의 현금흐름이 변동될 위험으로서, 주로 예금 및 변동금리부 차입금에서비롯됩니다.

ev_003 | direct | high | [삼성전자 | 2024 | II. 사업의 내용 > 5. 위험관리 및 파생거래] | section=II. 사업의 내용 > 5. 위험관리 및 파생거래 | claim=삼성전자는 전략적 목적 등으로 기타포괄손익-공정가치금융자산 및 당기손익-공정가치금융자산으로 분류된 지분상품에 투자하고 있어 주가변동위험에 노출되어 있습니다. | quote=당사는 전략적 목적 등으로 기타포괄손익-공정가치금융자산 및 당기손익-공정가치금융자산으로 분류된 지분상품에 투자하고 있습니다.

ev_004 | direct | high | [삼성전자 | 2024 | II. 사업의 내용 > 5. 위험관리 및 파생거래] | section=II. 사업의 내용 > 5. 위험관리 및 파생거래 | claim=삼성전자는 고객 또는 거래상대방이 계약조건상 의무를 지키지 못할 때 발생하는 신용위험에 노출되어 있습니다. | quote=신용위험은 통상적인 거래 및 투자 활동에서 발생하며 고객 또는 거래상대방이 계약조건상 의무사항을 지키지 못하였을 때 발생합니다.

ev_005 | direct | high | [삼성전자 | 2024 | II. 사업의 내용 > 5. 위험관리 및 파생거래] | section=II. 사업의 내용 > 5. 위험관리 및 파생거래 | claim=삼성전자는 금융부채와 관련된 모든 의무를 이행하는 데 어려움을 겪게 될 수 있는 유동성위험을 관리하고 있습니다. | quote=유동성위험이란 당사가 금융부채와 관련된 모든 의무를 이행하는 데 어려움을 겪게 될 위험을 의미합니다.

ev_006 | direct | high | [삼성전자 | 2024 | II. 사업의 내용 > 5. 위험관리 및 파생거래] | section=II. 사업의 내용 > 5. 위험관리 및 파생거래 | claim=삼성전자는 계속기업으로서 주주 및 이해관계자에게 이익을 지속적으로 제공하고 건전한 자본구조를 유지하기 위한 자본위험을 관리하고 있습니다. | quote=당사의 자본관리 목적은 계속기업으로서 주주 및 이해관계자에게 이익을 지속적으로제공할 수 있는 능력을 보호하고 건전한 자본구조를 유지하는 것입니다. 당사는 신용등급, 부채비율 등의 지표를 이용하여 자본위험을 관리하고 있습니다.",ev_001 | ev_002 | ev_003 | ev_004 | ev_005 | ev_006,"삼성전자는 글로벌 영업활동으로 인해 USD, EUR 등의 환율변동위험에 노출되어 있습니다.

삼성전자는 시장금리 변동으로 인한 이자수익 및 비용의 현금흐름 변동 위험인 이자율변동위험에 노출되어 있습니다.

삼성전자는 지분상품 투자로 인해 주가변동위험에 노출되어 있습니다.

삼성전자는 고객 또는 거래상대방이 계약조건상 의무를 지키지 못할 때 발생하는 신용위험에 노출되어 있습니다.

삼성전자는 금융부채와 관련된 모든 의무를 이행하는 데 어려움을 겪게 될 수 있는 유동성위험을 관리하고 있습니다.

삼성전자는 건전한 자본구조를 유지하기 위한 자본위험을 관리하고 있습니다.",ev_001 | ev_002 | ev_003 | ev_004 | ev_005 | ev_006,,,"keep | 삼성전자 2024 사업보고서에 따르면 주요 재무 리스크는 다음과 같습니다 [삼성전자 | 2024 | II. 사업의 내용 > 5. 위험관리 및 파생거래]: | reason=제시된 모든 근거가 삼성전자의 주요 재무 리스크를 설명하고 있으며, 이 문장은 해당 리스크 목록을 소개하는 역할을 합니다. | claims=ev_001, ev_002, ev_003, ev_004, ev_005, ev_006

keep | 환율변동위험: 글로벌 영업활동으로 인해 USD, EUR 등의 환율변동에 노출되어 있습니다. | reason=ev_001에 직접적으로 명시된 내용입니다. | claims=ev_001

keep | 이자율변동위험: 시장금리 변동으로 인한 이자수익 및 비용의 현금흐름 변동 위험에 노출되어 있습니다. | reason=ev_002에 직접적으로 명시된 내용입니다. | claims=ev_002

keep | 주가변동위험: 지분상품 투자로 인해 주가변동위험에 노출되어 있습니다. | reason=ev_003에 직접적으로 명시된 내용입니다. | claims=ev_003

keep | 신용위험: 고객 또는 거래상대방이 계약조건상 의무를 지키지 못할 때 발생합니다. | reason=ev_004에 직접적으로 명시된 내용입니다. | claims=ev_004

keep | 유동성위험: 금융부채와 관련된 모든 의무를 이행하는 데 어려움을 겪게 될 수 있습니다. | reason=ev_005에 직접적으로 명시된 내용입니다. | claims=ev_005

keep | 자본위험: 건전한 자본구조를 유지하기 위한 자본위험을 관리하고 있습니다. | reason=ev_006에 직접적으로 명시된 내용입니다. | claims=ev_006","삼성전자 2024 사업보고서에 따르면 주요 재무 리스크는 다음과 같습니다 [삼성전자 | 2024 | II. 사업의 내용 > 5. 위험관리 및 파생거래]: 환율변동위험: 글로벌 영업활동으로 인해 USD, EUR 등의 환율변동에 노출되어 있습니다. 이자율변동위험: 시장금리 변동으로 인한 이자수익 및 비용의 현금흐름 변동 위험에 노출되어 있습니다. 주가변동위험: 지분상품 투자로 인해 주가변동위험에 노출되어 있습니다. 신용위험: 고객 또는 거래상대방이 계약조건상 의무를 지키지 못할 때 발생합니다. 유동성위험: 금융부채와 관련된 모든 의무를 이행하는 데 어려움을 겪게 될 수 있습니다. 자본위험: 건전한 자본구조를 유지하기 위한 자본위험을 관리하고 있습니다.",삼성전자/2024/II. 사업의 내용 > 5. 위험관리 및 파생거래 | 삼성전자/2024/IV. 이사의 경영진단 및 분석의견 | 삼성전자/2024/I. 회사의 개요 > 5. 정관에 관한 사항,"II. 사업의 내용 > 5. 위험관리 및 파생거래 [paragraph / seed] 레인보우로보틱스 지분 인수를 위한 파생상품 거래를 설명한다. [회사: 삼성전자] [연도: 2024] [보고서: 사업보고서] [섹션: II. 사업의 내용 > 5. 위험관리 및 파생거래] [분류: 리스크 / paragraph] [키워드: 리스크, II. 사업의 내용 > 5. 위험관리 및 파생거래, 재무 리스크, 위험관리, 시장위험, 신용위험, 유동성위험, 문단] 그리고 당사는 레인보우로보틱...

IV. 이사의 경영진단 및 분석의견 [paragraph / seed] [회사: 삼성전자] [연도: 2024] [보고서: 사업보고서] [섹션: IV. 이사의 경영진단 및 분석의견] [분류: 경영진단 / paragraph] [키워드: 경영진단, IV. 이사의 경영진단 및 분석의견, 문단] 가. 중요한 회계정책 및 추정에 관한 사항 당사는 2024년 1월 1일로 개시하는 회계기간부터 다음의 주요 제ㆍ개정 기준서를 신규로 적용하였습니다. - 기업회계기준서 제10...

I. 회사의 개요 > 5. 정관에 관한 사항 [paragraph / seed] [회사: 삼성전자] [연도: 2024] [보고서: 사업보고서] [섹션: I. 회사의 개요 > 5. 정관에 관한 사항] [분류: 기타 / paragraph] [키워드: 기타, I. 회사의 개요 > 5. 정관에 관한 사항, 주요 사업, 사업 개요, 제품, 서비스, 사업 부문, 표 설명 문맥, 문단] 가. 정관 이력 당사는 제55기 정기주주총회(2024년 3월 20일)에서 정관 일부를 변경하...

III. 재무에 관한 사항 > 3. 연결재무제표 주석 [table / seed] 연결재무제표 작성에 적용되는 리스 관련 주요 회계정책을 명시합니다. [회사: 삼성전자] [연도: 2024] [보고서: 사업보고서] [섹션: III. 재무에 관한 사항 > 3. 연결재무제표 주석] [분류: 연결재무제표 / table] [키워드: 연결재무제표, III. 재무에 관한 사항 > 3. 연결재무제표 주석, 매출, 연결 기준, 재무, 손익, 영업이익, 매출액, 표] 다음은 연결재무제...

III. 재무에 관한 사항 > 5. 재무제표 주석 [table / seed] [회사: 삼성전자] [연도: 2024] [보고서: 사업보고서] [섹션: III. 재무에 관한 사항 > 5. 재무제표 주석] [분류: 재무주석 / table] [키워드: 재무주석, III. 재무에 관한 사항 > 5. 재무제표 주석, 매출, 연결 기준, 재무, 손익, 영업이익, 매출액, 표] 가. 보고기간종료일 현재 종속기업의 현황은 다음과 같습니다. 삼성디스플레이㈜ 디스플레이 패널 생산...

III. 재무에 관한 사항 > 5. 재무제표 주석 [table / seed] 재무제표 이해를 위한 회사의 기본 정보와 작성 기준을 제공합니다. [회사: 삼성전자] [연도: 2024] [보고서: 사업보고서] [섹션: III. 재무에 관한 사항 > 5. 재무제표 주석] [분류: 재무주석 / table] [키워드: 재무주석, III. 재무에 관한 사항 > 5. 재무제표 주석, 매출, 연결 기준, 재무, 손익, 영업이익, 매출액, 표 설명 문맥, 표] 삼성전자주식회사(...

III. 재무에 관한 사항 > 5. 재무제표 주석 [table / seed] [회사: 삼성전자] [연도: 2024] [보고서: 사업보고서] [섹션: III. 재무에 관한 사항 > 5. 재무제표 주석] [분류: 재무주석 / table] [키워드: 재무주석, III. 재무에 관한 사항 > 5. 재무제표 주석, 매출, 연결 기준, 재무, 손익, 영업이익, 매출액, 표] 가. 당기 및 전기 중 종속기업, 관계기업 및 공동기업 투자의 변동 내역은 다음과 같습니다. 삼성바...

III. 재무에 관한 사항 > 1. 요약재무정보 [paragraph / seed] [회사: 삼성전자] [연도: 2024] [보고서: 사업보고서] [섹션: III. 재무에 관한 사항 > 1. 요약재무정보] [분류: 요약재무 / paragraph] [키워드: 요약재무, III. 재무에 관한 사항 > 1. 요약재무정보, 표 설명 문맥, 문단] 가. 요약연결재무정보 (단위 : 백만원)",[삼성전자] 2024년 사업보고서 / II. 사업의 내용 > 5. 위험관리 및 파생거래 / paragraph (score: 1.196) | [삼성전자] 2024년 사업보고서 / IV. 이사의 경영진단 및 분석의견 / paragraph (score: 0.826) | [삼성전자] 2024년 사업보고서 / I. 회사의 개요 > 5. 정관에 관한 사항 / paragraph (score: 0.824) | [삼성전자] 2024년 사업보고서 / III. 재무에 관한 사항 > 3. 연결재무제표 주석 / table (score: 0.750) | [삼성전자] 2024년 사업보고서 / III. 재무에 관한 사항 > 5. 재무제표 주석 / table (score: 0.748) | [삼성전자] 2024년 사업보고서 / III. 재무에 관한 사항 > 5. 재무제표 주석 / table (score: 0.746) | [삼성전자] 2024년 사업보고서 / III. 재무에 관한 사항 > 5. 재무제표 주석 / table (score: 0.745) | [삼성전자] 2024년 사업보고서 / III. 재무에 관한 사항 > 1. 요약재무정보 / paragraph (score: 0.627),risk,risk,paragraph,semantic_fast_path,0.9999999999999011,"{""risk"": 1.0, ""business_overview"": 0.7604, ""numeric_fact"": 0.6405, ""comparison"": 0.6284, ""qa"": 0.586, ""trend"": 0.5018}",0.3,0.3,,0.5243028160250204,0.0,1.0,1.0,1.0,0.3333333333333333,0.2,0.125,1.0,,0.7,"답변은 질문에서 요구한 주요 재무 리스크인 신용위험과 유동성위험을 정확히 언급했습니다. 또한, 정답 기준에서 핵심 재무 리스크로 제시된 시장위험의 하위 요소인 환율변동위험, 이자율변동위험, 주가변동위험을 모두 포함하여 시장위험의 내용을 대체로 다루고 있습니다. 그러나 정답 기준에서 '시장위험'을 핵심 재무 리스크의 상위 개념으로 제시한 것과 달리, 답변은 이를 명시하지 않고 하위 요소들을 나열했습니다. 또한, '환율변동위험을 상세히 설명한다'는 정답 기준과 달리, 다른 리스크와 유사한 수준의 간략한 설명만 제공하여 설명의 깊이가 부족합니다. 마지막으로, 정답 기준에서 핵심 리스크로 제시하지 않은 '자본위험'을 포함했습니다. 따라서 핵심 요소는 대체로 포함하지만, 분류 방식과 특정 리스크에 대한 설명의 깊이에서 일부 맥락이 빠져있다고 평가할 수 있습니다.",1.0,,,,,,,,,,
